url,app,org,desc,star
https://play.google.com/store/apps/details?id=com.facebook.orca,Messenger,Facebook,"  ê°„í¸í•œ ë¬¸ì, ì˜ìƒ í†µí™”, ê·¸ë£¹ ëª¨ì„ìœ¼ë¡œ ì–´ë””ì—ì„œë‚˜ í•¨ê»˜í•˜ì„¸ìš”.    ",5ê°œ
https://play.google.com/store/apps/details?id=com.facebook.mlite,Messenger Lite: ë¬´ë£Œ í†µí™” ë° ë©”ì‹œì§€,Facebook,  A faster version of Messenger that works in all network conditions    ,5ê°œ
https://play.google.com/store/apps/details?id=org.telegram.messenger,í…”ë ˆê·¸ë¨ ê³µì‹ ì•± Telegram,Telegram FZ-LLC,"  í…”ë ˆê·¸ë¨ì€ ì†ë„ì™€ ë³´ì•ˆì— ì´ˆì ì„ ë§ì¶˜ ë©”ì‹ ì €ì…ë‹ˆë‹¤. êµ‰ì¥íˆ ë¹ ë¥´ê³ , ë‹¨ìˆœí•˜ë©°, ë¬´ë£Œì…ë‹ˆë‹¤.    ",5ê°œ
https://play.google.com/store/apps/details?id=com.feemodev.company,ë©”ì‹ ì € ì‹ ë“œë¡¬,feemodev,"  ""ì •ë§ ì‚¬íšŒìƒí™œì´ë¼ëŠ”ê²Œ ë‹¤ ì´ëŸ°ê±°ì•¼?""ê°œë°œìì˜ ìƒìƒí•œ í”½ì…˜ìœ¼ë¡œ ì‘ì„±ëœ ê²Œì„!ì—¬ëŸ¬ë¶„ì˜ ì†ìœ¼ë¡œ ì¸í„´ì˜ ìš´ëª…ì„ ê²°ì •í•´ì£¼ì„¸ìš”.    ",5ê°œ
https://play.google.com/store/apps/details?id=messenger.social.chat.apps,Messenger,Text Free & Free Call & SMS & MMS & Messenger Team,"  ìµœê³ ì˜ ë©”ì‹ ì € ì‘ìš© í”„ë¡œê·¸ë¨, ì†Œì…œ ì• í”Œë¦¬ì¼€ì´ì…˜ì€ ëª¨ë“  ê¸°ëŠ¥ì„ í•˜ë‚˜ í•œ ë²ˆ í´ë¦­ìœ¼ë¡œ ì±„íŒ… ì• í”Œë¦¬ì¼€ì´ì…˜ì„ ì—½ë‹ˆ ë‹¤    ",5ê°œ
https://play.google.com/store/apps/details?id=jp.naver.line.android,ë¼ì¸ LINE,LINE Corporation,  ìƒˆë¡œìš´ ëª¨ë°”ì¼ ë©”ì‹ ì €    ,5ê°œ
https://play.google.com/store/apps/details?id=com.facebook.katana,Facebook,Facebook,"  ë” ì‰½ê³ , ë¹ ë¥´ê²Œ ì¹œêµ¬ë“¤ê³¼ ì´ì•¼ê¸°ë¥¼ ê³µìœ í•˜ì„¸ìš”    ",5ê°œ
https://play.google.com/store/apps/details?id=com.coolmessenger,ì¿¨ë©”ì‹ ì €,JiranComms,  í˜‘ì—…ì‹œìŠ¤í…œ êµ¬ì¶•ì„ í†µí•´ ë‚´ë¶€ ì»¤ë®¤ë‹ˆì¼€ì´ì…˜ ë¬¸í™”ë¥¼ ë°œì „ì‹œí‚¤ëŠ” ì—…ë¬´ìš© ë©”ì‹ ì €    ,5ê°œ
https://play.google.com/store/apps/details?id=messenger.chat.social.messenger,"Messenger for Messages, Text and Video Chat",Messenger : Free Texts and Messages by AppyHigh,"  ë©”ì‹ ì €ë¥¼ ì‚¬ìš©í•˜ì—¬ ë©”ì‹œì§€, í™”ìƒ í†µí™” ë˜ëŠ” ìŒì„± ì±„íŒ…ìœ¼ë¡œ ëˆ„êµ¬ì™€ ì—°ê²° ë° ì—°ê²°í•  ìˆ˜ ìˆìŠµë‹ˆë‹¤.    ",5ê°œ
https://play.google.com/store/apps/details?id=com.viber.voip,Viber Messenger,Viber Media S.Ã  r.l.,  Viber - ëª¨ë“  ì‚¬ëŒê³¼ ì–´ë””ì„œë‚˜ ë¬´ë£Œ ë©”ì‹œì§€ì™€ ë¬´ë£Œ í†µí™”ë¥¼ ì¦ê¸°ì„¸ìš”!    ,5ê°œ
https://play.google.com/store/apps/details?id=org.thoughtcrime.securesms,Signal Private Messenger,Signal Foundation,"  ì‹ í˜¸ëŠ” ê°œì¸ ì •ë³´ ë³´í˜¸ ì •ì±…ì„ ê°„ë‹¨í•˜ê²Œ í•´ì¤ë‹ˆë‹¤. ë¬´ë£Œ í…ìŠ¤íŠ¸, ì‚¬ì§„, ê·¸ë£¹ ë©”ì‹œì§€ ë³´ë‚´ê¸°!    ",5ê°œ
https://play.google.com/store/apps/details?id=com.messagingnew.allinone,"ì‚¬íšŒ ë©”ì‹ ì € - ë¬´ë£Œ ëª¨ë°”ì¼ ì½œë§, ë¼ì´ë¸Œ ì±„íŒ…",CanAli,"  ë¬´ë£Œ ì „í™”, ìº  ì±„íŒ… ë° ë¬´ë£Œ ë©”ì‹ ì € ì•±ì´ ëª¨ë“  í•˜ë‚˜ì—ìš”, ì¦‰ FB ë©”ì‹ ì €, WhatsAppì—    ",5ê°œ
https://play.google.com/store/apps/details?id=messenger.pro.messenger,Messenger Pro,Messenger Pro team,  ë©”ì‹ ì € í”„ë¡œ : ë‹¹ì‹ ì´ ëª¨ë‘ í•˜ë‚˜ì˜ ë©”ì‹ ì €ì—ì„œ ì¹œêµ¬ë“¤ê³¼ ë¬´ë£Œë¡œ ë©”ì‹œì§€ë¥¼ ë³´ë‚¼ ìˆ˜ ìˆìŠµë‹ˆë‹¤.    ,5ê°œ
https://play.google.com/store/apps/details?id=tomato.solution.tongtong,í†µí†µ - ì••ìˆ˜ìˆ˜ìƒ‰ì´ ë¶ˆê°€ëŠ¥í•œ ë©”ì‹ ì €,TomatoSolution,  â–  ì„œë²„ì— ë©”ì„¸ì§€ë¥¼ ì €ì¥í•˜ì§€ ì•ŠìŠµë‹ˆë‹¤    ,5ê°œ
https://play.google.com/store/apps/details?id=com.kms.mitmessenger,mit ë©”ì‹ ì €,Stargram Global,  mit ë©”ì‹ ì € - ì•ˆì „í•˜ê³  ê°„í¸í•œ ëŒ€í™”    ,5ê°œ
https://play.google.com/store/apps/details?id=com.Cheritz.MysticMessenger,ìˆ˜ìƒí•œ ë©”ì‹ ì €,"Cheritz Co., Ltd",  ìš°ì—°íˆ ë‹¤ìš´ ë°›ì€ ìˆ˜ìƒí•œ ë©”ì‹ ì € ì•±ì— ì ‘ì†í•´ë³´ë‹ˆ ê½ƒë¯¸ë‚¨ë“¤ì´ ë‚  ê¸°ë‹¤ë¦¬ê³  ìˆì—ˆë‹¤? ì‹¤ì‹œê°„ ì±„íŒ…/ì „í™”/ë¬¸ì ì§€ì›!    ,5ê°œ
https://play.google.com/store/apps/details?id=com.aleskovacic.messenger,Messenger,ZABOO d.o.o.,  Messengerë¥¼ ì´ìš©í•˜ë©´ ì¹œêµ¬ë“¤ê³¼ ì±„íŒ…ì„ í•˜ê±°ë‚˜ ì „ ì„¸ê³„ ì‚¬ëŒë“¤ì—ê²Œ ë©”ì‹œì§€ë¥¼ ë³´ë‚¼ ìˆ˜ ìˆìŠµë‹ˆë‹¤.    ,5ê°œ
https://play.google.com/store/apps/details?id=com.litefb.messenger,Lite for Messenger - ë³´ì•ˆ ì ê¸ˆ ì¥ì¹˜,Sikaritarode Studio,  ë¬´ë£Œ ë©”ì‹ ì € ë³´ì•ˆ ë° ë°°í„°ë¦¬ ë° ë°ì´í„° ì €ì¥    ,5ê°œ
https://play.google.com/store/apps/details?id=com.betmesage.socialmessager,ë©”ì‹ ì €ê°€ ì•ˆì „í•œ ë©”ì‹ ì €ëŠ” ë¬´ë£Œì…ë‹ˆë‹¤.,Color Jocaro Tubraxi,  ëª¨ë“  ë©”ì‹ ì € ë° ì‚¬íšŒì—ì„œ ì±„íŒ… ë§ˆìŠ¤í¬ë¥¼ ì‚¬ìš©í•˜ê³  ì•ˆì „í•œ ë©”ì‹ ì €ë¥¼ ìˆ˜í–‰í•˜ì‹­ì‹œì˜¤.    ,5ê°œ
https://play.google.com/store/apps/details?id=com.tabletmessenger,Tablet Messenger - íƒœë¸”ë¦¿ ë©”ì‹ ì €,tabletmessenger.com,"  íƒœë¸”ë¦¿ì—ì„œ WhatsApp, Facebook ë“±ì˜ ë©”ì‹ ì €ë¥¼ ì‚¬ìš©í•˜ì„¸ìš”.    ",5ê°œ
https://play.google.com/store/apps/details?id=messenger.messenger.messanger.messenger,The Messenger App: Free for message & chat,The Messenger App,"  ë©”ì‹œì§€, í™”ìƒ ì±„íŒ… ë° í†µì‹ ì— ë¬´ë£Œë¡œì´ ë©”ì‹ ì € ì‘ìš© í”„ë¡œê·¸ë¨ì„ ë‹¤ìš´ë¡œë“œ    ",5ê°œ
https://play.google.com/store/apps/details?id=com.picoo.sms,Picoo Messenger - Text SMS,PICOO Design,  ë¬´ë£Œ ê²½ëŸ‰ í…ìŠ¤íŠ¸ ë©”ì‹ ì €ëŠ” ë¡¤ë¦¬íŒ ì†Œì¬ ë””ìì¸ ëª¨ì–‘ì„ ê°–ì¶”ê³  ìˆìŠµë‹ˆë‹¤    ,5ê°œ
https://play.google.com/store/apps/details?id=com.unseen.hidelastseen.noseen,"ëª¨ë°”ì¼ ë©”ì‹ ì € : ëª¨ë“  -ì— - í•˜ë‚˜ì˜ ì±„íŒ…, ë¸”ë£¨ ì§„ë“œê¸° ìˆ¨ê¸°ê¸°",aliveli,"  ì¸ê¸° ë¬´ë£Œ í†µí™”, í•˜ë‚˜ì˜ ì¸ìŠ¤í„´íŠ¸ ë©”ì‹ ì € ì• í”Œë¦¬ì¼€ì´ì…˜ì€ ì‹œí¬ë¦¿ê³¼ ê°™ì€ ë©”ì‹œì§€ë¥¼ ì½ê¸° APP-    ",5ê°œ
https://play.google.com/store/apps/details?id=kr.co.hiworks.messenger,í•˜ì´ì›ìŠ¤ ë©”ì‹ ì €,ê°€ë¹„ì•„,  â€˜í•˜ì´ì›ìŠ¤ ë©”ì‹ ì €â€™ëŠ” í˜‘ì—…ê³¼ ì‚¬ë‚´ ì»¤ë®¤ë‹ˆì¼€ì´ì…˜ì„ ìœ„í•œ ì—…ë¬´ ì „ìš© ë©”ì‹ ì €ì…ë‹ˆë‹¤.PCì™€ ëª¨ë°”ì¼ë¡œ ì–´ë””ì„œë“  í¸ë¦¬í•˜ê²Œ ì´ìš©í•˜ì„¸ìš”.    ,5ê°œ
https://play.google.com/store/apps/details?id=com.beint.zangi,Zangi Private Messenger,"Secret Phone, Inc",  ë¬´ë£Œ ë©”ì‹ ì € ë‹¤ìš´ë¡œë“œ - ë³´ì•ˆ ë° ê°œì¸ ë©”ì‹ ì €    ,5ê°œ
https://play.google.com/store/apps/details?id=hoahong.facebook.messenger,Messenger Lite,Magic Cooker,  ì „ì²´ ê¸°ëŠ¥ì´ì§€ë§Œ ê¶Œí•œì´ ì ìŠµë‹ˆë‹¤.    ,5ê°œ
https://play.google.com/store/apps/details?id=com.MobileMessenger.fbs_wib,Mobile Messenger,FireBlast Team,"  ëª¨ë°”ì¼ ë©”ì‹ ì €ëŠ” ì¹œêµ¬ì™€ ì±„íŒ… í•  ìˆ˜ìˆëŠ” ì‚¬ìš©í•˜ê¸° ì‰¬ìš´, í˜„ëŒ€ ë©”ì‹ ì €ì…ë‹ˆë‹¤!    ",5ê°œ
https://play.google.com/store/apps/details?id=org.vshgap.messenger,VshGap Messenger,Balochhost-Developer,  ì¹œêµ¬ì™€ ì—°ê²°! ìŒì„± í†µí™” ë° ì˜ìƒ í†µí™” ë¬´ë£Œ    ,5ê°œ
https://play.google.com/store/apps/details?id=ru.ok.messages,TamTam Messenger - free chats & video calls,Odnoklassniki Ltd,  ì±„íŒ… í˜¸ì¶œ ì±„ë„ì„ ì½ê³  ë¼ì´ë¸Œ ìŠ¤í‹°ì»¤ë¥¼ ê³µìœ í•˜ê¸°ìœ„í•œ ê°„ë‹¨í•œ ì‘ìš© í”„ë¡œê·¸ë¨.    ,5ê°œ
https://play.google.com/store/apps/details?id=com.gapp.messengercolor,ë©”ì‹ ì € ìƒ‰ìƒ ë° ê·¸ë¦¼ ì´ëª¨í‹°ì½˜,GHStudio,  Facebook Messenger ëŒ€í™”ì˜ ìƒ‰ìƒ ë³€ê²½    ,5ê°œ
https://play.google.com/store/apps/details?id=com.google.android.apps.messaging,ë©”ì‹œì§€,Google LLC,  Googleì—ì„œ ì œê³µí•˜ëŠ” ê°„í¸í•˜ê³  ìœ ìš©í•œ ë©”ì‹œì§€ ì•±    ,5ê°œ
https://play.google.com/store/apps/details?id=com.wMessengerLite_8082959,Messenger 2019,Akshay Sawant,"  ë©”ì‹ ì € 2019 ë¬´ë£Œ í†µí™”, ê°œì¸ & ë¹„ë°€ ì±„íŒ… & ë” ë§ì€ ê¸°ëŠ¥ì„ ì œê³µí•©ë‹ˆë‹¤!    ",5ê°œ
https://play.google.com/store/apps/details?id=com.fast.messages.social.messenger.free,ì†Œì…œ ì•±ì„ ìœ„í•œ ë©”ì‹ ì €,Mahakal Studio,  ğŸ“©ëª¨ë“  ì†Œì…œ ë¯¸ë””ì–´ ì•±ì„ í•˜ë‚˜ì˜ ì•±ì—ì„œ ë¹ ë¥´ê²Œ ì—°ê²°    ,5ê°œ
https://play.google.com/store/apps/details?id=com.heyemoji.onemms.flat,"One Messenger 7 - SMS, MMS, Emoji",HeyEmoji,  ë©”ì‹ ì € ì› ì•±ì€ í‰í‰í•˜ê³  ì•„ë¦„ë‹µê³  ë¹ ë¥´ë©° ë” ë§ì€ í…Œë§ˆì™€ 3000+ ì»¬ëŸ¬ ì´ëª¨í‹°ì½˜ì…ë‹ˆë‹¤.    ,5ê°œ
https://play.google.com/store/apps/details?id=com.rokoroku.lolmessengerv2,Messenger for LoL (Unofficial),rokoroku,"  ë¦¬ê·¸ ì˜¤ë¸Œ ë ˆì „ë“œ ê²Œì„ ì‚¬ìš©ìë¥¼ ìœ„í•œ ëª¨ë°”ì¼ ì±„íŒ… ì–´í”Œë¦¬ì¼€ì´ì…˜.(êµ¬, ë¡¤ ë©”ì‹ ì €)    ",5ê°œ
https://play.google.com/store/apps/details?id=kr.jiransoft.psmessenger,PSë©”ì‹ ì €(PSMessenger),Jiransoft_OfficeWare,"  ë‹¹ì‹ ì˜ ì—…ë¬´, ê°€ì¥ í¸ë¦¬í•˜ê³  ì•ˆì „í•˜ê²Œ â€“ PSë©”ì‹ ì €    ",5ê°œ
https://play.google.com/store/apps/details?id=com.wire,Wire - ë¹„ê³µê°œ ë©”ì‹ ì €,Wire Swiss GmbH,  ì•„ì£¼ ë§‘ê³  ê¹¨ë—í•œ ìŒì„± ë° ë™ì˜ìƒ í†µí™”ê°€ ê°€ëŠ¥í•œ ë¹„ê³µê°œì˜ ë³´ì•ˆ ë©”ì‹ ì €    ,5ê°œ
https://play.google.com/store/apps/details?id=com.mywickr.wickr2,Wickr Me â€“ Private Messenger,Wickr Inc,"  ë‚˜ë¥¼ Wickr - ê°œì¸ ë³´ì•ˆ ì•”í˜¸í™”, ìµëª…, ìê¸° íŒŒê´´í•œë‹¤ ë©”ì‹ ì €ë¥¼    ",5ê°œ
https://play.google.com/store/apps/details?id=com.melonsapp.privacymessenger,"Privacy Messenger - Private SMS messages, Lock SMS",Melons Chat Team,"  ë©”ì‹œì§€ ğŸ”’ ""ê°œì¸ ë°•ìŠ¤""best ìµœê³ ì˜ ë¬´ë£Œ ë³´ì•ˆ ë° ê°œì¸ ë©”ì‹œì§• ì•± ì¤‘ í•˜ë‚˜!    ",5ê°œ
https://play.google.com/store/apps/details?id=com.whatsapp,WhatsApp Messenger,WhatsApp Inc.,  WhatsApp Messenger: ê°„í¸í•˜ê³  í¸ë¦¬í•œ ë‚˜ë§Œì˜ ì‹¤ì‹œê°„ ë©”ì‹ ì €    ,5ê°œ
https://play.google.com/store/apps/details?id=com.calea.echo,ë¬´ë“œ ë©”ì‹ ì € - SMS & MMS,Mad Seven,  ì‹¬í”Œí•˜ê³  ì•„ë¦„ë‹¤ìš´ ë¬´ë“œëŠ” SMSì™€ MMSë¥¼ ì™„ë²½í•˜ê²Œ ì‚¬ìš©ì ì •ì˜í•  ìˆ˜ ìˆëŠ” SMS ì•±ì…ë‹ˆë‹¤    ,5ê°œ
https://play.google.com/store/apps/details?id=com.bluesoft.clonappmessenger,Clonapp Messenger,BlueSoft Digital,  Clonapp MessengerëŠ” ë‹¤ë¥¸ íœ´ëŒ€ ì „í™”ì— WhatsApp ê³„ì •ì„ ë³µì œí•˜ëŠ” ë° ê°€ì¥ ì í•©í•œ ì•±ì…ë‹ˆë‹¤.    ,5ê°œ
https://play.google.com/store/apps/details?id=com.freeworldcorea.rainbow.topl,íƒ‘ì—˜ - ë ˆì¦ˆë¹„ì–¸ ì „ìš© ë©”ì‹ ì €,UBIGWORLD.,  êµ­ë‚´ ìµœëŒ€ ë ˆì¦ˆë¹„ì–¸ ì „ìš© ëœë¤ ë©”ì‹ ì €(ìµëª…)íƒ‘ì—˜ì—ì„œ ìƒˆë¡œìš´ ë ˆì¦ˆë¹„ì–¸ ì¹œêµ¬ë¥¼ ë§Œë“¤ì–´ ë³´ì„¸ìš”!!ì§€ê¸ˆ!! íƒ‘ì—˜ ë ˆì¦ˆë“¤ê³¼ ëŒ€í™”ë¥¼ ì‹œì‘í•˜ì„¸ìš”!!    ,5ê°œ
https://play.google.com/store/apps/details?id=com.domobile.messenger,Messenger,NextAPP,"  ë©”ì‹œì§€, ì†Œì…œ ë¯¸ë””ì–´ ì•Œë¦¼, ë‰´ìŠ¤ë¥¼ í•œ ê³³ì—ì„œ ë³¼ ìˆ˜ ìˆìŠµë‹ˆë‹¤. ì¦‰ì„ ì±„íŒ….    ",5ê°œ
https://play.google.com/store/apps/details?id=com.flash.sms.app,ìƒˆ ìŠ¤ìœ„ì¹˜ ë©”ì‹ ì € ë²„ì „ 2019,Digital Upground,  ìƒˆë¡œìš´ Switch ë©”ì‹ ì € 2019ë¡œ ì˜ˆì „ì²˜ëŸ¼ ê²°ì½” SMS ë©”ì‹œì§•ì„ ê²½í—˜í•˜ì§€ ë§ˆì‹­ì‹œì˜¤.    ,5ê°œ
https://play.google.com/store/apps/details?id=sk.forbis.messenger,Messenger,FORBIS s.r.o.,  í…ìŠ¤íŠ¸ ë° ì±„íŒ…ì— ëŒ€í•œ ê°„ë‹¨í•œ ë°©ë²•. ì†Œì…œì´ë˜ì–´ ì¦ê±°ìš´ ì‹œê°„ ë³´ë‚´ì‹­ì‹œì˜¤.    ,5ê°œ
https://play.google.com/store/apps/details?id=com.nteapp.privatemessenger,Private Messenger,NTE s.r.o.,  ë‹¨ìˆœí•œ. ì•ˆì „í•œ. ì‚¬ì ì¸ ë©”ì‹ ì €    ,5ê°œ
https://play.google.com/store/apps/details?id=eshbuildgroup.our.com.messenger,"Messenger for All Social Networks (Fb , Insta ...)",Eshbuild-group,"  ë©”ì‹ ì €ëŠ” íŠ¸ìœ„í„°, í˜ì´ìŠ¤ ë¶ê³¼ ê°™ì€ ëª¨ë“  ë©”ì‹ ì € ì‘ìš© í”„ë¡œê·¸ë¨ì˜ ì—°ê²°ì…ë‹ˆë‹¤ ...    ",5ê°œ
https://play.google.com/store/apps/details?id=com.inbox.boro.lite,Inbox Messenger Lite,BOMA Soft,  í•˜ë‚˜ì˜ ì‘ìš© í”„ë¡œê·¸ë¨ì—ì„œ ëª¨ë‘ í˜ì´ìŠ¤ ë¶ê³¼ ë©”ì‹ ì €. ë³´ì•ˆ ì ê¸ˆ. ì•”í˜¸ ë³´í˜¸    ,5ê°œ
https://play.google.com/store/apps/details?id=com.sds.squaremessenger,Samsung Square Messenger,Samsung SDS Corp.,  Samsung Square MessengerëŠ” ë¹ ë¥´ê³  ì•ˆì „í•œ ì»¤ë®¤ë‹ˆì¼€ì´ì…˜ì„ ìœ„í•œ ê¸°ì—…ìš© ë©”ì‹ ì €ì…ë‹ˆë‹¤!    ,5ê°œ
https://play.google.com/store/apps/details?id=com.gapp.messengercolor,ë©”ì‹ ì € ìƒ‰ìƒ ë° ê·¸ë¦¼ ì´ëª¨í‹°ì½˜,GHStudio,  Facebook Messenger ëŒ€í™”ì˜ ìƒ‰ìƒ ë³€ê²½    ,5ê°œ
https://play.google.com/store/apps/details?id=com.nimbuzz,Nimbuzz Messenger / Free Calls,â­MSM Limited,  ì—ì„œ Nimbuzz ë©”ì‹ ì €ëŠ” ë¬´ë£Œ ì±„íŒ… ì‘ìš© í”„ë¡œê·¸ë¨ì…ë‹ˆë‹¤ ë° ë‹¹ì‹ ì€ ì‹¼ êµ­ì œ ì „í™”ë¥¼í•˜ì‹¤ ìˆ˜ ìˆìŠµë‹ˆë‹¤!    ,5ê°œ
https://play.google.com/store/apps/details?id=com.bluesoft.clonappmessenger,Clonapp Messenger,BlueSoft Digital,  Clonapp MessengerëŠ” ë‹¤ë¥¸ íœ´ëŒ€ ì „í™”ì— WhatsApp ê³„ì •ì„ ë³µì œí•˜ëŠ” ë° ê°€ì¥ ì í•©í•œ ì•±ì…ë‹ˆë‹¤.    ,5ê°œ
https://play.google.com/store/apps/details?id=com.messengerfree.forchat,Messenger for All Social Networks,X-Game,"  ë©”ì‹ ì €ëŠ” íŠ¸ìœ„í„°, í˜ì´ìŠ¤ ë¶ê³¼ ê°™ì€ ëª¨ë“  ë©”ì‹ ì € ì‘ìš© í”„ë¡œê·¸ë¨ì˜ ì—°ê²°ì…ë‹ˆë‹¤ ....    ",5ê°œ
https://play.google.com/store/apps/details?id=com.xfl.kakaotalkbot,ë©”ì‹ ì € ìë™ì‘ë‹µ ë´‡(ì¹´ì¹´ì˜¤í†¡ ë´‡/í˜ë©” ë´‡/ë¼ì¸ ë´‡),Violet XF,"  ì¹´ì¹´ì˜¤í†¡, í˜ë©”, ë¼ì¸ ì•Œë¦¼ì— ìë™ìœ¼ë¡œ ì‘ë‹µí•´ì£¼ëŠ” JavaScriptê¸°ë°˜ ë´‡ì…ë‹ˆë‹¤. (ë³„ì  ë§¤ê¸°ê¸° ì „ì— ìì„¸í•œ ì„¤ëª…ì„ ê¼­ ì½ì–´ì£¼ì„¸ìš”!)    ",5ê°œ
https://play.google.com/store/apps/details?id=com.whatsapp,WhatsApp Messenger,WhatsApp Inc.,  WhatsApp Messenger: ê°„í¸í•˜ê³  í¸ë¦¬í•œ ë‚˜ë§Œì˜ ì‹¤ì‹œê°„ ë©”ì‹ ì €    ,5ê°œ
https://play.google.com/store/apps/details?id=com.jiransoft.officemessenger,ì˜¤í”¼ìŠ¤ë©”ì‹ ì €,Jiransoft_OfficeWare,"  ì•ˆì „í•œ ê³µìœ  í¸ë¦¬í•œ ì—…ë¬´, ì˜¤í”¼ìŠ¤ë©”ì‹ ì €ì˜¤í”¼ìŠ¤í‚¤í¼ ê³ ê°ì‚¬ ë¬´ë£Œì œê³µ    ",5ê°œ
https://play.google.com/store/apps/details?id=com.nandbox.nandbox,nandbox: Free calls and text,nandbox Inc.,"  ë” í–¥ìƒëœ ê°œì¸í™”, ë” ë§ì€ ì˜µì…˜. ë” ë§ì€ ì‚¬ëŒë“¤    ",5ê°œ
https://play.google.com/store/apps/details?id=com.nitramite.cryptomessenger,Crypto Messenger,Nitramite,  ì—”ë“œ - íˆ¬ - ì—”ë“œ ì•”í˜¸í™” ëœ ë©”ì‹œì§€. ì•„ë‹ˆ ì˜ë„ì— ë” í° í”Œë«í¼ì„ ëŒ€ì²´!    ,5ê°œ
https://play.google.com/store/apps/details?id=comm.essagechat.listing,Messenger app - ë¼ì´íŠ¸ ë° ë³µí•©ê¸°,Palinka Mob,  ì‰¬ìš´ ì‚¬ìš© ë° ë¹ ë¥¸ - ëª¨ë“  ë©”ì‹ ì € / ì‚¬íšŒ ì• í”Œ ë¦¬ì¼€ì´ì…˜ì˜ ëª¨ë“  -ì— - í•˜ë‚˜ì˜ ì‘ìš© í”„ë¡œê·¸ë¨ì„ ê°€ì§€ê³     ,5ê°œ
https://play.google.com/store/apps/details?id=messengerchatapp.new17.update2017,ë©”ì‹ ì € : ì˜¬ì¸ì› ë©”ì‹œì§• ë° ë¹„ë””ì˜¤ í˜¸ì¶œ,Halilov Mobiles,  ë©”ì‹ ì €ë¥¼ ë‹¤ìš´ë¡œë“œí•˜ì—¬ ì¥ì¹˜ì— ë©”ì‹ ì € ì• í”Œë¦¬ì¼€ì´ì…˜ ëª¨ë‘ì— ì•¡ì„¸ìŠ¤ í•  ìˆ˜    ,5ê°œ
https://play.google.com/store/apps/details?id=com.sms.messenger,"Messenger - Text, Messages, Call, SMS Messaging",Messenger Messages,"  ë©”ì‹ ì € - ë¬¸ì, ì „í™”, SMS ë° MMS í…ìŠ¤íŠ¸ SMS ë° MMSë¥¼ ë³´ë‚´ëŠ” ì‘ìš© í”„ë¡œê·¸ë¨ì„ ë©”ì‹œì§•ìˆë‹¤.    ",5ê°œ
https://play.google.com/store/apps/details?id=messenger.lite.messenger.messenger,"Free Messages, Video, Chat,Text for Messenger Plus","Messenger : Free Videos,Text, Messages","  ë“± í˜ì´ìŠ¤ ë¶, íŠ¸ìœ„í„°, í˜ì´ìŠ¤ ë¶ ë©”ì‹ ì €, ëŒ€í‘œì, ë ˆë”§ì— ëŒ€í•œ ë¹ ë¥¸ ì•¡ì„¸ìŠ¤    ",5ê°œ
https://play.google.com/store/apps/details?id=com.wire,Wire - ë¹„ê³µê°œ ë©”ì‹ ì €,Wire Swiss GmbH,  ì•„ì£¼ ë§‘ê³  ê¹¨ë—í•œ ìŒì„± ë° ë™ì˜ìƒ í†µí™”ê°€ ê°€ëŠ¥í•œ ë¹„ê³µê°œì˜ ë³´ì•ˆ ë©”ì‹ ì €    ,5ê°œ
https://play.google.com/store/apps/details?id=com.facebook.lite.messenger.lite,Lite Messenger,TopDev288,"  ë©”ì‹ ì €, í•˜ë‚˜ì˜ ì‘ìš© í”„ë¡œê·¸ë¨ì—ì„œ, ë” ë¹¨ë¦¬, ì „í™” ë©”ëª¨ë¦¬ë¥¼ ì €ì¥í•©ë‹ˆë‹¤.    ",5ê°œ
https://play.google.com/store/apps/details?id=com.allmessages.inonemessenger,ì†Œì…œ ë¹„ë””ì˜¤ ë©”ì‹ ì € - ë¬´ë£Œ ì±„íŒ… ì•±,Zimmer Mob,  ê²½ëŸ‰ ì•±ì—ì„œ ì¸ê¸°ìˆëŠ” ëª¨ë“  ë©”ì‹œì§• ì•± ì‚¬ìš© - ë¬´ë£Œ ëª¨ë°”ì¼ ë©”ì‹ ì €    ,5ê°œ
https://play.google.com/store/apps/details?id=com.bizmeka.ezmessenger,ì´ì§€ ë©”ì‹ ì €-ì—…ë¬´ìš© ëª¨ë°”ì¼ ë©”ì‹ ì €,KT Corporation,"  ktê°€ ì œê³µí•˜ëŠ” ì—…ë¬´ìš© ì»¤ë®¤ë‹ˆì¼€ì´ì…˜ ì–´í”Œì…ë‹ˆë‹¤.íšŒì‚¬ ì¡°ì§ë„ ê¸°ë°˜ì˜ ì‹¤ì‹œê°„ ëŒ€í™” ë“±, ê¸°ì—…ì˜ íš¨ìœ¨ì ì¸ ì»¤ë®¤ë‹ˆì¼€ì´ì…˜ê³¼ ë¹ ë¥¸ ì˜ì‚¬ê²°ì •ì„ ì§€ì›í•©ë‹ˆë‹¤.    ",5ê°œ
https://play.google.com/store/apps/details?id=com.ncsoft.community,Media Talk - ê²Œì´ë¨¸ë¥¼ ìœ„í•œ ê·¸ë£¹ ë©”ì‹ ì €,NCSOFT Corporation,  ì‰½ê³  í¸í•œ ê²Œì„ ì „ìš© ë©”ì‹ ì € ì— í†¡!    ,5ê°œ
https://play.google.com/store/apps/details?id=im.dlg.app,Dialog Messenger,Dialog,  ë¹ ë¥¸ íŒŒì¼ ê³µìœ  ë° ë©”ì‹œì§•ì„ìœ„í•œ ë¬´ë£Œ ì•±    ,5ê°œ
https://play.google.com/store/apps/details?id=com.kakao.talk,ì¹´ì¹´ì˜¤í†¡ KakaoTalk,Kakao Corporation,"  ì–¸ì œ ì–´ë””ì„œë‚˜ ì¹´ì¹´ì˜¤í†¡, ë‹¤ì–‘í•œ ìŠ¤í‹°ì»¤ì™€ ë¬´ë£Œ í†µí™”ë„ ë§ˆìŒê» ì¦ê¸°ì„¸ìš”.    ",5ê°œ
https://play.google.com/store/apps/details?id=text.free.messenger.com.mymessengers2018,Fast Messenger: All social network in one app,Free Music - Unlimited,  Fast MessengerëŠ” ìµœê³ ì˜ ë©”ì‹ ì € ì•± ì•±ì…ë‹ˆë‹¤.    ,5ê°œ
https://play.google.com/store/apps/details?id=sk.forbis.messenger,Messenger,FORBIS s.r.o.,  í…ìŠ¤íŠ¸ ë° ì±„íŒ…ì— ëŒ€í•œ ê°„ë‹¨í•œ ë°©ë²•. ì†Œì…œì´ë˜ì–´ ì¦ê±°ìš´ ì‹œê°„ ë³´ë‚´ì‹­ì‹œì˜¤.    ,5ê°œ
https://play.google.com/store/apps/details?id=com.messengerforall.messagingpro,ìŠ¤ë§ˆíŠ¸ ë©”ì‹ ì € ì•± - ì•ˆì „í•œ ì±„íŒ…,ToolsBoxStudioPro,  í•œ ë©”ì‹ ì € ì•± ì±„íŒ…ì—ì„œ ëª¨ë‘ í™”ìƒ í†µí™”ê°€ ë¬´ë£Œì…ë‹ˆë‹¤.    ,5ê°œ
https://play.google.com/store/apps/details?id=com.jesture.phoenix,Phoenix - Facebook & ë©”ì‹ ì €,Unimania.,  í•œ ê³³ì—ì„œ Facebook ë° ë©”ì‹ ì € ì¦ê¸°ê¸°ì‚¬ì§„ ë° ë¹„ë””ì˜¤ ë‹¤ìš´ë¡œë“œ    ,5ê°œ
https://play.google.com/store/apps/details?id=com.messenger.sms.theme.new.update,ë©”ì‹ ì € ì—…ë°ì´íŠ¸ 2019,Digital Upground Themes,  ì™€ì„œ ìµœì‹  ë©”ì‹ ì € ê°€ì ¸ ì˜¤ê¸°    ,5ê°œ
https://play.google.com/store/apps/details?id=com.q2developer.messenger,Messenger,q2developer,  í•œ ë²ˆì˜ í´ë¦­ìœ¼ë¡œ ëª¨ë“  ë©”ì‹ ì € ì‘ìš© í”„ë¡œê·¸ë¨ì— ì•¡ì„¸ìŠ¤í•˜ì‹­ì‹œì˜¤.    ,5ê°œ
https://play.google.com/store/apps/details?id=com.messenger.app.messenger.messenger,"Messenger Tracker : Share free messages, videos",Messenger Zone,"  ë©”ì‹ ì € ì¶”ì ê¸°ëŠ” ë¬´ë£Œ ë©”ì‹œì§€, ëª¨ë“  ë©”ì‹ ì € ì•±ì˜ ë™ì˜ìƒì„ ê³µìœ í•˜ê³  ì¶”ì í•©ë‹ˆë‹¤.    ",5ê°œ
https://play.google.com/store/apps/details?id=com.lringo.lringoplus,Lringo+ ë©”ì‹ ì €,Lringo Devs,  Lringo + ë©”ì‹ ì €  ì–¸ì–´ì˜ ì¥ë²½ì„ ì œê±° ê²¨ëƒ¥í•œ ë©”ì‹œì§• ì„œë¹„ìŠ¤ì…ë‹ˆë‹¤    ,5ê°œ
https://play.google.com/store/apps/details?id=messenger.messenger.videocall.messenger,"The Video Messenger App : Video Messages, Chats",The Messenger App,  ìƒˆ ë¹„ë””ì˜¤ ë©”ì‹ ì € ì•± ë§¤ì¼ì„ íƒí—˜ í•´ë³´ì„¸ìš”. í•œ ê³³ì—ì„œ ëª¨ë“  ë¹„ë””ì˜¤ ì±„íŒ… ê´€ë¦¬    ,5ê°œ
https://play.google.com/store/apps/details?id=com.onechat.social.messager,Messenger - for all social networks,Velo Mobi,  í•˜ë‚˜ì˜ ì‘ìš© í”„ë¡œê·¸ë¨ì˜ ëª¨ë“  ì†Œì…œ ë„¤íŠ¸ì›Œí¬ - ë©”ì‹ ì €    ,5ê°œ
https://play.google.com/store/apps/details?id=com.radicalapps.cyberdust,Dust ë©”ì‹ ì €,Radical App LLC,  DUST ìƒëŒ€ë°© ì „í™”ê¸°ì—ì„œ ë‹¹ì‹ ì˜ ë©”ì‹œì§€ë¥¼ ì§€ìš¸ ìˆ˜ ìˆëŠ” ìœ ì¼í•œ ë©”ì‹ ì €ì…ë‹ˆë‹¤. ê¸°ë¡ì´ ë‚¨ì§€ ì•ŠìŠµë‹ˆë‹¤. ê±±ì •í•˜ì§€ ë§ˆì„¸ìš”.    ,5ê°œ
https://play.google.com/store/apps/details?id=com.ghostwording.stickerbliss,Sticker Bliss for Messenger,Culture Paradise,  ë©”ì‹ ì € ì•„ë¦„ë‹¤ìš´ ìŠ¤í‹°ì»¤ì™€ ì´ëª¨í‹°ì½˜    ,5ê°œ
https://play.google.com/store/apps/details?id=com.gtomato.talkbox,TalkBox Voice Messenger - PTT,TalkBox Limited,  ìŒì„± í™œì„±í™”    ,5ê°œ
https://play.google.com/store/apps/details?id=messenger.free.video.call.chat,"Free Video Calls ,Chat, Text and Messenger","Messenger : Free Videos,Text, Messages",  í•œ ê³³ì—ì„œ ì±„íŒ… ë¬´ë£Œ í™”ìƒ í†µí™” ë° ê·¸ë£¹ - 100 + ì•±    ,5ê°œ
https://play.google.com/store/apps/details?id=text.free.your.messenger,"Social Messenger: Message, Text, Video, Chat",HT - Dev,  ì‹ ì†í•˜ê³  ìœ ìš©í•œ ì‘ìš© í”„ë¡œê·¸ë¨ì€ í•œ ê³³ì—ì„œ ì‚¬íšŒì˜ ëª¨ë“  ì‘ìš© í”„ë¡œê·¸ë¨ì„ ì—°ê²°í•˜ëŠ”    ,5ê°œ
https://play.google.com/store/apps/details?id=com.plantpurple.ochat,Ochat - ì¬ë¯¸ìˆëŠ” ìŠ¤ë§ˆì¼ & ì´ëª¨ì§€ ë©”ì‹ ì € ì±„íŒ…,PlantPurple,"  6000 ê°€ì§€ ì´ìƒì˜ ë¬´ë£Œ HD ìŠ¤ë§ˆì¼, ì´ëª¨í‹°ì½˜, ì¹´ì¹´ì˜¤ í†¡ ìŠ¤í‹°ì»¤, WhatsApp, Facebook Messenger ë° ê¸°íƒ€ ì±„íŒ… ì•±    ",5ê°œ
https://play.google.com/store/apps/details?id=com.amazing.messangerlock,Messenger Lock,VentureSoft Inc.,  ë©”ì‹ ì € ì ê¸ˆ íŠ¹íˆ ìˆ¨ê¸°ê¸° ìœ„í•´ ì±„íŒ… ë©”ì‹œì§€ê°€ í•€ì— ì„¤ì¹˜ëœ ì•±ì„ ë³´í˜¸    ,5ê°œ
https://play.google.com/store/apps/details?id=com.slidely.ezslidelyshowExp.facebookMessengerPlugin,Video Greetings for Messenger,Slidely,  ì•„ë¦„ë‹¤ìš´ ì˜ìƒ ì¸ì‚¬ë¥¼ ë§Œë“¤ê³  í˜ì´ìŠ¤ ë¶ ë©”ì‹ ì €ì— ì¹œêµ¬ì—ê²Œ ì „ì†¡    ,5ê°œ
https://play.google.com/store/apps/details?id=com.turkcell.bip,BiP Messenger,Lifecell Ventures Cooperatif U.A,  í–‰ìœ„ ë¬´ê²°ì„± í”„ë¡œíŒŒì¼ ì—”í„°í…Œì¸ë¨¼íŠ¸ ì½˜í…ì¸ ì˜ ìŒì„± ë° í™”ìƒ í†µí™”ì™€ì˜ í†µì‹  í´ë¼ì´ì–¸íŠ¸ì´ë‹¤.    ,5ê°œ
https://play.google.com/store/apps/details?id=com.artcom.hoccer,Hoccer â€“ the secure Messenger,Hoccer GmbH,"  Hoccerì€, ë¹ ë¥¸ ë¬´ë£Œ ë³´ì•ˆ ë©”ì‹ ì € ì‘ìš© í”„ë¡œê·¸ë¨ì…ë‹ˆë‹¤!    ",5ê°œ
https://play.google.com/store/apps/details?id=com.sotatek.stickers,Stickers for Messenger,Sota Tek,  í˜ì´ìŠ¤ ë¶ ë©”ì‹ ì €ì— ê·€ì—¬ìš´ ìŠ¤í‹°ì»¤ë¥¼ ë³´ë‚´ë„ ìì‹ ì˜ ìŠ¤í‹°ì»¤ë¥¼ ì¶”ê°€    ,5ê°œ
https://play.google.com/store/apps/details?id=com.KitMew.BTSMessenger,BTS Messenger,KitMew,  âœ©BTS ì „í™” ë° ARMYì— ëŒ€í•œ ì‘ìš© í”„ë¡œê·¸ë¨ì„ ë¬¸ì ë©”ì‹œì§€! âœ©    ,5ê°œ
https://play.google.com/store/apps/details?id=com.rebelvox.voxer,Voxer ì›Œí‚¤í† í‚¤ Walkie Talkie PTT,VoxerPro LLC,"  í‘¸ì‹œíˆ¬í†¡, ë¬¸ì, ì‚¬ì§„, ìœ„ì¹˜, ê·¸ë£¹, í¬ë¡œìŠ¤ í”Œë«í¼, ê´‘ê³  ì—†ìŒ :)    ",5ê°œ
https://play.google.com/store/apps/details?id=com.stingjajaws.kkfriends0213,"KK Friends for IM Messenger, Usernames for Streak",PRXD Friends Chat Inc.,"  ì¶”ì¢…ìì˜ ì‚¬ìš©ì ì´ë¦„, IM ë©”ì‹ ì €ë¥¼ìœ„í•œ ìƒˆë¡œìš´ í–‰ë³´ ì¹œêµ¬ ì¶”ê°€, ì¸ê¸°ìˆëŠ” ì†Œë…€ ì°¾ê¸°    ",5ê°œ
https://play.google.com/store/apps/details?id=com.dopetech.videocall,VideoCall Free Video Calls Video Chat & Messenger,Dope Tech,"  ë¬´ë£Œ ì˜ìƒ í†µí™”, ì±„íŒ…, í…ìŠ¤íŠ¸ ë° ë©”ì‹ ì €    ",5ê°œ
https://play.google.com/store/apps/details?id=air.com.bilye.b_messenger_lite,B-Messenger Video Chat,Bilye Digital Entertainment,  ì¦‰ì‹œ ê°€ê¹Œìš´ ìƒˆë¡œìš´ ì¹œêµ¬ë“¤ê³¼ ì—°ê²°í•˜ê±°ë‚˜ ì „ ì„¸ê³„ì˜ ìƒˆë¡œìš´ ì‚¬ëŒë“¤ì„ ë§Œë‚˜.    ,5ê°œ
https://play.google.com/store/apps/details?id=com.discord,Discord - ê²Œì´ë¨¸ë¥¼ ìœ„í•œ ë©”ì‹ ì €,Discord Inc.,  ê²Œì´ë¨¸ë¥¼ ìœ„í•œ ë¬´ë£Œ ìŒì„± ë° ë¬¸ì ì±„íŒ… í”„ë¡œê·¸ë¨    ,5ê°œ
https://play.google.com/store/apps/details?id=com.bsb.hike,Hike News & Content (for chatting go to new app),Hike Private Limited,  ìƒˆ ì•± ë‹¤ìš´ë¡œë“œhttps://play.google.com/store/apps/details?id=com.hike.chat.stickers    ,5ê°œ
https://play.google.com/store/apps/details?id=com.messenger.sms.new.clean.version,Galaxy S10 messenger 2019,Digital Upground Themes,  ì´ ì€í•˜ê³„ í…Œë§ˆë¡œ í…ìŠ¤íŠ¸ ë°©ì‹ ë³€ê²½í•˜ê¸°    ,5ê°œ
https://play.google.com/store/apps/details?id=text.free.your.messenger,"Social Messenger: Message, Text, Video, Chat",HT - Dev,  ì‹ ì†í•˜ê³  ìœ ìš©í•œ ì‘ìš© í”„ë¡œê·¸ë¨ì€ í•œ ê³³ì—ì„œ ì‚¬íšŒì˜ ëª¨ë“  ì‘ìš© í”„ë¡œê·¸ë¨ì„ ì—°ê²°í•˜ëŠ”    ,5ê°œ
https://play.google.com/store/apps/details?id=com.copitogames.scary_app,Scary Apps,COPITO GAMES S.L.,  Scary Apps son un conjunto de juegos de terror para asustar a tus amigos    ,5ê°œ
https://play.google.com/store/apps/details?id=com.artcom.hoccer,Hoccer â€“ the secure Messenger,Hoccer GmbH,"  Hoccerì€, ë¹ ë¥¸ ë¬´ë£Œ ë³´ì•ˆ ë©”ì‹ ì € ì‘ìš© í”„ë¡œê·¸ë¨ì…ë‹ˆë‹¤!    ",5ê°œ
https://play.google.com/store/apps/details?id=com.rebelvox.voxer,Voxer ì›Œí‚¤í† í‚¤ Walkie Talkie PTT,VoxerPro LLC,"  í‘¸ì‹œíˆ¬í†¡, ë¬¸ì, ì‚¬ì§„, ìœ„ì¹˜, ê·¸ë£¹, í¬ë¡œìŠ¤ í”Œë«í¼, ê´‘ê³  ì—†ìŒ :)    ",5ê°œ
https://play.google.com/store/apps/details?id=com.slidely.ezslidelyshowExp.facebookMessengerPlugin,Video Greetings for Messenger,Slidely,  ì•„ë¦„ë‹¤ìš´ ì˜ìƒ ì¸ì‚¬ë¥¼ ë§Œë“¤ê³  í˜ì´ìŠ¤ ë¶ ë©”ì‹ ì €ì— ì¹œêµ¬ì—ê²Œ ì „ì†¡    ,5ê°œ
https://play.google.com/store/apps/details?id=com.KitMew.BTSMessenger,BTS Messenger,KitMew,  âœ©BTS ì „í™” ë° ARMYì— ëŒ€í•œ ì‘ìš© í”„ë¡œê·¸ë¨ì„ ë¬¸ì ë©”ì‹œì§€! âœ©    ,5ê°œ
https://play.google.com/store/apps/details?id=air.com.bilye.b_messenger_lite,B-Messenger Video Chat,Bilye Digital Entertainment,  ì¦‰ì‹œ ê°€ê¹Œìš´ ìƒˆë¡œìš´ ì¹œêµ¬ë“¤ê³¼ ì—°ê²°í•˜ê±°ë‚˜ ì „ ì„¸ê³„ì˜ ìƒˆë¡œìš´ ì‚¬ëŒë“¤ì„ ë§Œë‚˜.    ,5ê°œ
https://play.google.com/store/apps/details?id=com.techroid.fakechat,Fake Chat Conversation for messenger,TechRoid,  FB ë©”ì‹ ì €ì— ëŒ€í•œ ê°€ì§œ ì±„íŒ… ëŒ€í™”ë¥¼ ì‚¬ìš©í•˜ì—¬ ì¬ë¯¸ë¥¼.    ,5ê°œ
https://play.google.com/store/apps/details?id=ly.appt.effectify,Effectify for Messenger,Apptly LLC,"  selfieì„ ê°€ì§€ê³  ğŸ“·ğŸ‘§, ğŸ‘´, ğŸ‘µ ìì‹  OLD ì§€ë°© ğŸ” ë“±ì„ ëŒ€ë¨¸ë¦¬ë¥¼ ë§Œë“¤ ì–´ë¼!    ",5ê°œ
https://play.google.com/store/apps/details?id=kr.co.vcnc.android.couple,ë¹„íŠ¸ìœˆ Between,VCNC,"  ""ìš°ë¦¬ ë¹„íŠ¸ìœˆ í• ë˜?""    ",5ê°œ
https://play.google.com/store/apps/details?id=com.discord,Discord - ê²Œì´ë¨¸ë¥¼ ìœ„í•œ ë©”ì‹ ì €,Discord Inc.,  ê²Œì´ë¨¸ë¥¼ ìœ„í•œ ë¬´ë£Œ ìŒì„± ë° ë¬¸ì ì±„íŒ… í”„ë¡œê·¸ë¨    ,5ê°œ
https://play.google.com/store/apps/details?id=org.vidogram.messenger,Vidogram,Vidogram Messenger,  Vidogram ë¹„ë””ì˜¤ ë° ì „ë³´ì— ë”°ë¼ ìŒì„± í†µí™”ì™€ ë©”ì‹ ì € ì‘ìš© í”„ë¡œê·¸ë¨ì…ë‹ˆë‹¤.    ,5ê°œ
https://play.google.com/store/apps/details?id=vn.messengertrollface.gs,Rage Faces for Messenger,GS GAMES,  ë‹¹ì‹ ì´ ë©”ì‹ ì €ë¥¼ í†µí•´ íŠ¸ë¡¤ / ë¶„ë…¸ì˜ ì–¼êµ´ì„ ë³´ë‚´ ë„ì›€ë§    ,5ê°œ
https://play.google.com/store/apps/details?id=com.facebook.lite,Facebook Lite,Facebook,  ë°ì´í„°ë¥¼ ì ˆì•½í•´ì£¼ëŠ” Facebook ë²„ì „ì„ ë§Œë‚˜ë³´ì„¸ìš”. ëª¨ë“  ë„¤íŠ¸ì›Œí¬ í™˜ê²½ì—ì„œ ì´ìš©í•  ìˆ˜ ìˆìŠµë‹ˆë‹¤.    ,5ê°œ
https://play.google.com/store/apps/details?id=com.instanza.baba,SOMA ë¬´ë£Œ ì˜ìƒ í†µí™” ë° ì±„íŒ…,Instanza Interactive Limited,  ë¬´ë£Œ HD ì˜ìƒí†µí™”ê°€ ê°€ëŠ¥í•œ ì„¸ìƒì—ì„œ ê°€ì¥ ì•ˆì „í•œ ë©”ì‹œì§• ì•± & Doodle ì¹´ë©”ë¼.    ,5ê°œ
https://play.google.com/store/apps/details?id=com.chatlock,ì±„íŒ… ë° ë©”ì‹ ì €ì— ëŒ€í•œ ì ê¸ˆ,Paul Grossom,  ì±„íŒ… ë° ë©”ì‹œì§€ë¥¼ ì•ˆì „í•˜ê²Œ ìœ ì§€í•˜ì„¸ìš”! ì¹¨ì…ì ì‚¬ì§„ì„ ìº¡ì³í•˜ì„¸ìš”!    ,5ê°œ
https://play.google.com/store/apps/details?id=io.storychat,ìœ„íŠ¸ wit - All about Kpop,Playlist Corporation,  Be connected with Kpop fans    ,5ê°œ
https://play.google.com/store/apps/details?id=com.amalgamapps.bbmprofilepictwocropping3,Profile w/o cropping for black fruit messenger,Amalgam Apps,  ìŠ¹ í”„ë¡œí•„ / ê²€ì€ ê³¼ì¼ ë©”ì‹ ì €ì— ëŒ€í•œ ìë¥´ê¸° ì˜¤    ,5ê°œ
https://play.google.com/store/apps/details?id=com.quvideo.xiaoying.pro,VivaVideo PRO ë¹„ë””ì˜¤ í¸ì§‘ HD,QuVideo Inc. Best Video Editor & Video Maker App,"  VivaVideo PROëŠ” ì „ë¬¸ì ì¸ ë¹„ë””ì˜¤ í¸ì§‘ & í¬í†  ìŠ¬ë¼ì´ë“œ í¸ì§‘ê¸°ë¡œ, ì›í•˜ëŠ” ì˜ìƒì„ ë§Œë“¤ì–´ ì¤ë‹ˆë‹¤!    ",5ê°œ
https://play.google.com/store/apps/details?id=com.riffsy.FBMGIFApp,GIF Keyboard by Tenor,"Tenor, Inc.",  í…Œë„ˆë¡œ GIF í‚¤ë³´ë“œì™€ ë” ë§í• . ë‹¹ì‹ ì˜ ëŒ€í™”ì— í†¤ì„ ì¶”ê°€í•©ë‹ˆë‹¤.    ,5ê°œ
https://play.google.com/store/apps/details?id=com.domobile.applock,ìë¬¼ì‡  AppLock,DoMobile Lab,  ê°œì¸ì •ë³´ ë³´í˜¸. ì§€ë¬¸ ì¸ì‹ì„ ì§€ì›í•©ë‹ˆë‹¤.    ,5ê°œ
https://play.google.com/store/apps/details?id=com.azarlive.android,"ì•„ìë¥´ Azar -ë¼ì´ë¸Œë¡œ ì¹œêµ¬ì°¾ê¸°, ì˜ìƒë©”ì‹ ì €",Hyperconnect inc,  ì•„ìë¥´ëŠ” ì „ì„¸ê³„ 1ì–µ5000ë§Œëª…ì´ ê°€ì…í•œ ì‹¤ì‹œê°„ ì˜ìƒê¸°ë°˜ì˜ ì¹œêµ¬ì°¾ê¸° ì•±ì…ë‹ˆë‹¤. ì™¸êµ­ì–´ë„ ê³µë¶€í•˜ê³  ì „ ì„¸ê³„ì— ì¹œêµ¬ë¥¼ ë§Œë“¤ì–´ë³´ì„¸ìš”!    ,5ê°œ
https://play.google.com/store/apps/details?id=com.jumobile.multiapp,Multi - ì—¬ëŸ¬ ê³„ì • ì‹¤í–‰,ljmobile,  í•˜ë‚˜ì˜ ê¸°ê¸°ì—ì„œ ì•±ì˜ ì—¬ëŸ¬ ê³„ì •ì„ ë³µì œí•˜ì—¬ ë™ì‹œì— ì‹¤í–‰í•  ìˆ˜ ìˆìŠµë‹ˆë‹¤.    ,5ê°œ
https://play.google.com/store/apps/details?id=com.appfour.wearmessages,Messages for Wear OS (Android Wear),appfour,"  ì°©ìš© OS, Android Wear ì‹œê³„ì— SMS / WhatsAppì— / í˜ì´ìŠ¤ ë¶ì„ í†µí•´ í‚¤ë³´ë“œ ë©”ì‹œì§€    ",5ê°œ
https://play.google.com/store/apps/details?id=xyz.klinker.messenger,Pulse SMS (Phone/Tablet/Web),Luke Klinker,  ì™„ë²½í•œ SMS ì•± - ëª¨ë“  ê¸°ê¸°ì—ì„œ ì‚¬ìš©í•  ìˆ˜.    ,5ê°œ
https://play.google.com/store/apps/details?id=com.whatsapp.w4b,WhatsApp Business,WhatsApp Inc.,  ê¸°ì—…ì„ìœ„í•œ ê°„ë‹¨í•œ ë„êµ¬ëŠ” ê³ ê°ì—ê²Œ ì´ì•¼ê¸°í•©ë‹ˆë‹¤.    ,5ê°œ
https://play.google.com/store/apps/details?id=es.rafalense.telegram.themes,Themes for Telegram,rafalense,  í…Œë§ˆì˜ ë¬´ë¦¬ê°€ ì¢‹ì•„í•˜ëŠ” ë©”ì‹œì§• ì‘ìš© í”„ë¡œê·¸ë¨ì„ ì‚¬ìš©ì ì •ì˜ í•  ìˆ˜    ,5ê°œ
https://play.google.com/store/apps/details?id=com.dopetech.videocall,VideoCall Free Video Calls Video Chat & Messenger,Dope Tech,"  ë¬´ë£Œ ì˜ìƒ í†µí™”, ì±„íŒ…, í…ìŠ¤íŠ¸ ë° ë©”ì‹ ì €    ",5ê°œ
https://play.google.com/store/apps/details?id=com.plantpurple.ochat,Ochat - ì¬ë¯¸ìˆëŠ” ìŠ¤ë§ˆì¼ & ì´ëª¨ì§€ ë©”ì‹ ì € ì±„íŒ…,PlantPurple,"  6000 ê°€ì§€ ì´ìƒì˜ ë¬´ë£Œ HD ìŠ¤ë§ˆì¼, ì´ëª¨í‹°ì½˜, ì¹´ì¹´ì˜¤ í†¡ ìŠ¤í‹°ì»¤, WhatsApp, Facebook Messenger ë° ê¸°íƒ€ ì±„íŒ… ì•±    ",5ê°œ
https://play.google.com/store/apps/details?id=so.partner.app.grap,ê·¸ë© GRAP - ì—…ë¬´ìš©ë©”ì‹ ì € l í˜‘ì—…íˆ´,Partner Corporation,"  íŒ€ ì±„íŒ…ê³¼ ì—…ë¬´ê³µìœ ë¥¼ í•œë²ˆì—,ê·¸ë©(GRAP)ì€ ë‰´ìŠ¤í”¼ë“œ ê¸°ë°˜ì˜ ì—…ë¬´ìš©ë©”ì‹ ì €ì…ë‹ˆë‹¤.ì´ì œ ê·¸ë©ìœ¼ë¡œ í–¥ìƒëœ ì—…ë¬´ í¼í¬ë¨¼ìŠ¤ë¥¼ ê²½í—˜í•˜ì„¸ìš”!    ",5ê°œ
https://play.google.com/store/apps/details?id=com.handcent.app.nextsms,"Handcent Next SMS(Best texting with MMS, stickers)",Handcent,"  ê·¸ë£¹ ë©”ì‹œì§•ìœ¼ë¡œ ë¬´ë£Œ Android ë¬¸ì ë©”ì‹ ì €, ê·¸ë¦¼ ì´ëª¨í‹°ì½˜    ",5ê°œ
https://play.google.com/store/apps/details?id=com.sds.squaremessenger,Samsung Square Messenger,Samsung SDS Corp.,  Samsung Square MessengerëŠ” ë¹ ë¥´ê³  ì•ˆì „í•œ ì»¤ë®¤ë‹ˆì¼€ì´ì…˜ì„ ìœ„í•œ ê¸°ì—…ìš© ë©”ì‹ ì €ì…ë‹ˆë‹¤!    ,5ê°œ
https://play.google.com/store/apps/details?id=com.messenger.app.messenger.messenger,"Messenger Tracker : Share free messages, videos",Messenger Zone,"  ë©”ì‹ ì € ì¶”ì ê¸°ëŠ” ë¬´ë£Œ ë©”ì‹œì§€, ëª¨ë“  ë©”ì‹ ì € ì•±ì˜ ë™ì˜ìƒì„ ê³µìœ í•˜ê³  ì¶”ì í•©ë‹ˆë‹¤.    ",5ê°œ
https://play.google.com/store/apps/details?id=de.shapeservices.impluslite,IM+,SHAPE,  IM + ì†Œì…œ ë¸Œë¼ìš°ì €    ,5ê°œ
https://play.google.com/store/apps/details?id=com.palringo.android,"Palringo Group Messenger - chat, play games & more",Palringo,"  ì§€ê¸ˆ ë‹¤ìš´ë¡œë“œ ë° ìš°ë¦¬ì˜ ê°€ìƒ ì»¤ë®¤ë‹ˆí‹°ì— ì°¸ì—¬í•˜ê¸°! í–‰ ì•„ì›ƒ, ê²Œì„ ë° ì—…ì ì„ ë‹¬ì„± ...    ",5ê°œ
https://play.google.com/store/apps/details?id=com.social.messenger.allinone,All Social Networks in one Text Video Call Chat,Messenger free - Free text Video calls & Free Chat,"  ì‚¬íšŒ ë©”ì‹ ì € ì•± í•˜ë‚˜ë¡œ ëª¨ë“  ì‚¬íšŒ ì• í”Œ ë¦¬ì¼€ì´ì…˜, ìŠˆí¼ ë¹ ë¥¸ ì±„íŒ… ì–´ë””ì„œë‚˜    ",5ê°œ
https://play.google.com/store/apps/details?id=com.gamehi.suddenAttack,ì„œë“ ë¼ë””ì˜¤ : ì„œë“ ì–´íƒ ê³µì‹ ë©”ì‹ ì €,NEXON Company,  ì„œë“ ë¼ë””ì˜¤ : ì¦ê±°ìš´ ì„œë“ ë¼ì´í”„ë¥¼ ìœ„í•œ ê³µì‹ ì„œí¬í„°! Enjoy More! Enjoy Sudden attack!    ,5ê°œ
https://play.google.com/store/apps/details?id=com.dualspace.cloneapp,Dual Space - Dual App - Clone App Messenger,Venus Star,  ë“€ì–¼ ìŠ¤í˜ì´ìŠ¤ - ë“€ì–¼ ì•± - ì•± ë©”ì‹ ì € ë³µì œ    ,5ê°œ
https://play.google.com/store/apps/details?id=com.gtomato.talkbox,TalkBox Voice Messenger - PTT,TalkBox Limited,  ìŒì„± í™œì„±í™”    ,5ê°œ
https://play.google.com/store/apps/details?id=org.tigase.messenger.phone.pro,Tigase Messenger,"Tigase, Inc.",  ë‹¹ì‹ ì€ ìˆìŠµë‹ˆê¹Œ? ê·¸ëŸ¼ ë‚œ!    ,5ê°œ
https://play.google.com/store/apps/details?id=com.messenger.sms.theme.hacker,ìƒˆë¡œìš´ í•´ì»¤ 2019 sms ë©”ì‹ ì € í…Œë§ˆ,Digital Upground Themes,  ìµœê³ ì˜ í•´ì»¤ SMS í…Œë§ˆë¥¼ ì°¾ì„ ìˆ˜ ìˆìŠµë‹ˆë‹¤!    ,5ê°œ
https://play.google.com/store/apps/details?id=com.fourtalk.im,4talk Messenger,4talk Global Inc.,  4talk IMì€ ëª¨ë°”ì¼ ì¥ì¹˜ì™€ ë°ìŠ¤í¬í†± ì»´í“¨í„°ì—ì„œ ì‚¬ìš©í•  ìˆ˜ ìˆëŠ” í´ë¼ìš°ë“œ ì¸ìŠ¤í„´íŠ¸ ë©”ì‹ ì € ì„œë¹„ìŠ¤ì…ë‹ˆë‹¤.    ,5ê°œ
https://play.google.com/store/apps/details?id=im.dlg.app,Dialog Messenger,Dialog,  ë¹ ë¥¸ íŒŒì¼ ê³µìœ  ë° ë©”ì‹œì§•ì„ìœ„í•œ ë¬´ë£Œ ì•±    ,5ê°œ
https://play.google.com/store/apps/details?id=io.friendly,Friendly for Facebook,Friendly App Studio,"  ë¼ì´íŠ¸, ë¹ ë¥¸, ë©”ì‹ ì € ë° ë‹¤ìš´ë¡œë“œ ë¹„ë””ì˜¤ í¬í•¨    ",5ê°œ
https://play.google.com/store/apps/details?id=com.lakeel.messenger,LaKeel Messenger,"Legend Applications, Inc.",  LaKeel MessengerëŠ” ì—”í„°í”„ë¼ì´ì¦ˆ ì „ë¬¸ ë©”ì‹œì§• ì†”ë£¨ì…˜ì…ë‹ˆë‹¤.    ,5ê°œ
https://play.google.com/store/apps/details?id=com.plantpurple.emojidom,"Emojidom ë¬´ë£Œ ìŠ¤ë§ˆì¼, ì´ëª¨í‹°ì½˜, ê³¼ ì›ƒëŠ” ì–¼êµ´",PlantPurple,"  ì‹¸ì´ ì›”ë“œ, ë¯¸íˆ¬ë°ì´, í˜ì´ìŠ¤ ë¶ê³¼ ë©”ì‹œì§•ì„ìœ„í•œ ìµœê³ ì˜ ìŠ¤ë§ˆì¼, ì´ëª¨í‹°ì½˜ ë° ìŠ¤í‹°ì»¤ - ë¬´ë£Œ!    ",5ê°œ
https://play.google.com/store/apps/details?id=messenger.messenger.messenger.messenger,Messenger Messenger,messenger!,  Messenger MessengerëŠ” í•˜ë‚˜ì˜ ì•±ìœ¼ë¡œ ë¬¸ì ë©”ì‹œì§€ì™€ ì „í™”ë¥¼ ë³´ë‚´ëŠ” ë¬´ë£Œ ë©”ì‹œì§€ ì „ë‹¬ ì•±ì…ë‹ˆë‹¤!    ,5ê°œ
https://play.google.com/store/apps/details?id=com.nkart.waw,ì±„íŒ…ì„ìœ„í•œ ë°°ê²½ í™”ë©´,Wallpapers and Themes,"  Wallpaper package for WhatsApp - Free Chat Wallpaper, Background for  WhatsApp    ",5ê°œ
https://play.google.com/store/apps/details?id=messages.messenger.messages,ë©”ì‹œì§€  ë¬¸ì ë©”ì‹œì§€,Messenger Messages,  ë©”ì‹œì§€ ëŠ” ì¬ë¯¸ìˆê³  ë¹ ë¥¸ ë¬¸ì ë©”ì‹œì§€ ì•±ì…ë‹ˆë‹¤. ë¬¸ì ë©”ì‹œì§€ì™€ ì´ë¯¸ì§€ë¥¼ ë§ˆìŒê» ì „ì†¡í•˜ì„¸ìš”!    ,5ê°œ
https://play.google.com/store/apps/details?id=com.litefbwrapper.android,Lite for Facebook & Instagram,QQFresh Studio,"  ë‹¹ì‹ ì€ ë‹¹ì‹ ì˜ í˜ì´ìŠ¤ ë¶, ì¸ìŠ¤ íƒ€ ê·¸ë¨ê³¼ ë©”ì‹ ì €ì˜ ìš”êµ¬ì— ëŒ€í•´ í•˜ë‚˜ì˜ ì‘ìš© í”„ë¡œê·¸ë¨ì´ í•„ìš”í•©ë‹ˆë‹¤.    ",5ê°œ
https://play.google.com/store/apps/details?id=com.google.android.talk,í–‰ì•„ì›ƒ,Google LLC,"  í–‰ì•„ì›ƒ - ë¬´ë£Œ ë©”ì‹œì§€, í™”ìƒ/ìŒì„± í†µí™”    ",5ê°œ
https://play.google.com/store/apps/details?id=com.newmessaging.chattingapps,ì¼ì¹˜ ë©”ì‹ ì € ë°ì´íŠ¸ - ëª¨ë“  -ì— - í•˜ë‚˜ ë¬´ë£Œ ë°ì´íŠ¸,Plommy Mobile Apps,"  ìƒˆë¡œìš´ ì¹œêµ¬ë¥¼ ì°¾ì•„, ë©”ì‹œì§€, ì „í™”, ì£¼ ì…€ì¹´ ì±„íŒ… í”„ë¡œí•„ ì‚¬ì§„ì„ ì—…ë¡œë“œ    ",5ê°œ
https://play.google.com/store/apps/details?id=com.idea.easyapplocker,ì•± ì ê¸ˆ & ì‚¬ì§„ ìˆ¨ê¸°ê¸°,MobileIdea Studio,"  ì ê¸ˆ ë° ì•± ë³´í˜¸, ì‚¬ì§„ ë° ë¹„ë””ì˜¤ ì•”í˜¸í™” ë° ìˆ¨ê¸°ê¸°. í´ë¼ìš°ë“œ ë°±ì—… ì§€ì›.  ì™„ì „íˆ ë¬´ë£Œ!    ",5ê°œ
https://play.google.com/store/apps/details?id=com.bsb.hike,Hike News & Content (for chatting go to new app),Hike Private Limited,  ìƒˆ ì•± ë‹¤ìš´ë¡œë“œhttps://play.google.com/store/apps/details?id=com.hike.chat.stickers    ,5ê°œ
https://play.google.com/store/apps/details?id=com.metalk.messenger,Best Text Message - Message app & Android messages,iKame Application,  MMS ë©”ì‹œì§€ ë° ë¬¸ì ë©”ì‹œì§€ ì•± ì¹œêµ¬ë“¤ê³¼ ìœ ì§€.    ,5ê°œ
https://play.google.com/store/apps/details?id=com.nbapstudio.facebooklite,Faster for Facebook Lite,NBapstudio,"  ë¹ ë¥¸, í˜ì´ìŠ¤ ë¶ ë¼ì´íŠ¸ì™€ ë©”ì‹ ì € ê²½ëŸ‰. ì €ì¥ ë° ë°°í„°ë¦¬ë¥¼ ì ˆì•½ ë„ì›€ë§    ",5ê°œ
https://play.google.com/store/apps/details?id=com.turkcell.bip,BiP Messenger,Lifecell Ventures Cooperatif U.A,  í–‰ìœ„ ë¬´ê²°ì„± í”„ë¡œíŒŒì¼ ì—”í„°í…Œì¸ë¨¼íŠ¸ ì½˜í…ì¸ ì˜ ìŒì„± ë° í™”ìƒ í†µí™”ì™€ì˜ í†µì‹  í´ë¼ì´ì–¸íŠ¸ì´ë‹¤.    ,5ê°œ
https://play.google.com/store/apps/details?id=net.uniquegem.directchat,DirectChat (ChatHeads for All),Unique Gem Visions,  ì–´ë–¤ ì‘ìš© í”„ë¡œê·¸ë¨ì— ëŒ€í•œ ChatHeadsì²˜ëŸ¼ í˜ì´ìŠ¤ ë¶ì„ ë§Œë“¤ê³  ì‰½ê²Œ ì•Œë¦¼ì„ ê´€ë¦¬!    ,5ê°œ
https://play.google.com/store/apps/details?id=com.handycloset.android.stickers,Personal Stickers,handyCloset Inc.,  WhatsApp ë©”ì‹ ì €ì— ìì‹ ì˜ ê°œì¸ ìŠ¤í‹°ì»¤ë¥¼ ì¶”ê°€ í•  ìˆ˜ ìˆìŠµë‹ˆë‹¤.    ,5ê°œ
https://play.google.com/store/apps/details?id=com.mplusapp,M+ Messenger,"Taiwan Kuro Times Co.,Ltd.",  è¡Œå‹•æ™‚ä»£å³æ™‚é€šè¨Šè»Ÿé«”ä¹Ÿè¦å…¬ç§åˆ†æ˜ï¼M+ ä¼æ¥­æ–¹æ¡ˆæä¾›ä¼æ¥­å°ˆå±¬åŠŸèƒ½ï¼Œç²é¾é ­é‡‘æ§ï¼Œå¤§å‹é¤é£²é€£é–æ¥­è€…çœ¾å¤šå…¬å¸ä½¿ç”¨ï¼Œæœ‰æ•ˆæå‡æºé€šæ•ˆç‡ä¸¦å…¼é¡§è³‡å®‰ã€‚å¤šé …æœå‹™æŒçºŒæ›´æ–°å„ªåŒ–ä¸­ï¼    ,5ê°œ
https://play.google.com/store/apps/details?id=mobi.skred.app,Skred Messenger,SKRED,  ì •ë§ ì•ˆì „í•œ ë©”ì‹œì§€ ì•±!    ,5ê°œ
https://play.google.com/store/apps/details?id=com.twofours.surespot,surespot encrypted messenger,surespot,  surespot ì •ë§ ë¹„ê³µê°œ ë©”ì‹œì§€ë¥¼ í™•ì¸í•˜ê¸° ìœ„í•´ ì—”ë“œ - íˆ¬ - ì—”ë“œ ì•”í˜¸í™”ë¥¼ ì‚¬ìš©    ,5ê°œ
https://play.google.com/store/apps/details?id=com.irihon.katalkcapturer,"ë©”ì„¸ì§€ ëª°ë˜ë³´ê¸° - ì¹´í†¡, í˜ë©”, ì‚¬ì§„ ë¯¸ë¦¬ë³´ê¸°",Ezekiel,"  í˜ë©”, ì¹´í†¡ì—ì„œ ë°›ì€ ë©”ì„¸ì§€ëŠ” ê¶ê¸ˆí•œë° ë³´ë‚¸ ì‚¬ëŒì—ê²Œ ì½ì—ˆë‹¤ëŠ” ê²ƒì„ ì•Œë¦¬ê³  ì‹¶ì§€ ì•Šì„ ë•Œ ê³¤ë€í•˜ì…¨ë‚˜ìš”? ê·¸ëŸ¼ ë©”ì„¸ì§€ ëª°ë˜ë³´ê¸°ë¥¼ ì‚¬ìš©í•´ë³´ì„¸ìš”!    ",5ê°œ
https://play.google.com/store/apps/details?id=com.hike.chat.stickers,Hike Messenger 6.0 (Chat with Stickers),Hike Private Limited,"  â¤ì™€ í•¨ê»˜ ë§Œë“  ìŠ¤í‹°ì»¤ë¥¼ ì‚¬ìš©í•˜ì—¬ ì±„íŒ…, ì¸ë„    ",5ê°œ
https://play.google.com/store/apps/details?id=com.appslounge.emojistickers2,ëª¨ë“  ë©”ì‹ ì €ë¥¼ìœ„í•œ HD ìŠ¤í‹°ì»¤ : 5000+ ë¬´ë£Œ ì´ëª¨í‹°ì½˜,Apps Lounge,  ëª¨ë“  ë©”ì‹ ì € ìš© HD ìŠ¤í‹°ì»¤ë¡œ 5000+ ë¬´ë£Œ ì´ëª¨ì§€ ìŠ¤í‹°ì»¤ free emoji app.    ,5ê°œ
https://play.google.com/store/apps/details?id=com.wMessenger_7482246,Messenger 2020,BLR Service,  ì†ë„ì™€ ë³´ì•ˆì— ì¤‘ì ì„ ë‘” ë©”ì‹œì§• ì•±    ,5ê°œ
https://play.google.com/store/apps/details?id=ws.coverme.im,Private Text Messaging + Secure Texting & Calling,"CoverMe Secure Messenger & Vault, Inc.",  ë²„ë„ˆì˜ ìˆ˜ì— ë¹„ë°€ SMS + ì•”í˜¸í™” ëœ ë©”ì‹œì§•ì„ìœ„í•œ ê°œì¸ ë©”ì‹ ì € ì‘ìš© í”„ë¡œê·¸ë¨    ,5ê°œ
https://play.google.com/store/apps/details?id=com.wkapp.emoticonos,ì„ìœ„í•œ ì´ëª¨í‹°ì½˜ ì´ëª¨í‹°ì½˜,Mundoapp,"  ë¡œ, í˜ì´ìŠ¤ ë¶, ì¸ìŠ¤ íƒ€ ê·¸ë¨ ë° ë©”ì‹ ì € ì´ëª¨í‹°ì½˜ ë° ì´ëª¨í‹°ì½˜.    ",5ê°œ
https://play.google.com/store/apps/details?id=com.alpha.applock,AppLock - Gallery Lock & LockScreen & Fingerprint,SailingLab,"  ì•± ì ê¸ˆ : ì ê¸ˆ ì–´í”Œ, ì ê¸ˆ í™”ë©´, ì ê¸ˆ ì‚¬ì§„, ì ê¸ˆ ë¹„ë””ì˜¤, ë” ì´ìƒ ëˆ„í¼    ",5ê°œ
https://play.google.com/store/apps/details?id=com.nhn.android.band,ë°´ë“œ,NAVER Corp.,"  ì†Œì¤‘í•œ ì´ë“¤ê³¼ì˜ ëª¨ì„ì„ ë” ëˆë…í•˜ê³  í¸ë¦¬í•˜ê²Œ!ìš°ë¦¬ë¼ë¦¬ ëª¨ì´ë©´, ê¸€ë¡œë²Œ NO.1 ëª¨ì„ì•± ë°´ë“œ    ",5ê°œ
https://play.google.com/store/apps/details?id=com.app.hider.master.pro,App Hider- Hide Apps Hide Photos Multiple Accounts,Hide Apps (NO ROOT),"  ì‚¬ì§„ ë™ì˜ìƒ ìˆ¨ê¸°ê¸° ì• í”Œ ë¦¬ì¼€ì´ì…˜ (NO ROOT)ë¥¼ ìˆ¨ê¸°ê¸°, ì´ì¤‘ ì•±, ë³µìˆ˜ ê³„ì •ì´ ìˆìŠµë‹ˆë‹¤ 'ê°€ì!    ",5ê°œ
https://play.google.com/store/apps/details?id=com.jb.gosms.pctheme.messengertheme,ë©”ì‹ ì € í…Œë§ˆ,Launcher 2019 - Themes & Apps,  ìƒˆë¡œìš´ SMS í…Œë§ˆ ì¸ ë©”ì‹ ì € í…Œë§ˆë¥¼ ì‚¬ìš©í•´ë³´ì‹­ì‹œì˜¤!    ,5ê°œ
https://play.google.com/store/apps/details?id=chat.latino42,Chat Messenger,Paul Martin Tavara Chunga,  ë©”ì‹ ì € ë§Œë‚˜ê³  ë¬¸ì ë©”ì‹œì§€ í•  ìˆ˜ìˆëŠ” ê³µê°„ì„ ì±„íŒ….    ,5ê°œ
https://play.google.com/store/apps/details?id=com.nosapps.android.lovenotes,ëŸ¬ë¸Œ ë…¸íŠ¸ - ì•”í˜¸í™” ëœ ì „ì ì¹´ë“œ ë©”ì‹ ì €,NOS Microsystems Ltd,  ì‚¬ë‘ë°›ê³  ê´€ì‹¬ì„ ë°›ê³  ë¹„ê³µê°œì´ë©° í•­ìƒ ì—°ë½ì´ ê°€ëŠ¥í•©ë‹ˆë‹¤! ì¹œêµ¬ë“¤ì—ê²Œ íŠ¹ë³„í•œ ë©”ì‹œì§€ë¥¼ ë³´ë‚´ì„¸ìš”.    ,5ê°œ
https://play.google.com/store/apps/details?id=es.rafalense.themes,Themes for Plus Messenger,rafalense,"  í™•ì¸, ë‹¤ìš´ë¡œë“œ ë° í”ŒëŸ¬ìŠ¤ ë©”ì‹ ì € ì•± í…Œë§ˆë¥¼ ì ìš©    ",5ê°œ
https://play.google.com/store/apps/details?id=com.jumobile.smartapp,ì‘ìš© í”„ë¡œê·¸ë¨ ë³µì œ,Jumobile,  í•˜ë‚˜ì˜ ê¸°ê¸°ì—ì„œ ì•±ì˜ ì—¬ëŸ¬ ê³„ì •ì„ ë³µì œí•˜ì—¬ ë™ì‹œì— ì‹¤í–‰í•  ìˆ˜ ìˆìŠµë‹ˆë‹¤.    ,5ê°œ
https://play.google.com/store/apps/details?id=com.facebook.katana.love.emoji,Stickers for Facebook,EmojiApp,  í˜ì´ìŠ¤ ë¶ì„ìœ„í•œ ìŠ¤í‹°ì»¤ì™€ ì´ëª¨í‹°ì½˜ ìŠ¤í‹°ì»¤ì™€ ì´ëª¨í‹°ì½˜ ì‘ìš© í”„ë¡œê·¸ë¨ì…ë‹ˆë‹¤.    ,5ê°œ
https://play.google.com/store/apps/details?id=com.appslounge.emojistickers1,ëª¨ë“  ë©”ì‹ ì €ë¥¼ìœ„í•œ HD ì´ëª¨í‹°ì½˜,Apps Lounge,  Funny emojis and sticker to send on chat messengers of social applications    ,5ê°œ
https://play.google.com/store/apps/details?id=com.glidetalk.glideapp,Glide â€“ ì‹¤ì‹œê°„ ë™ì˜ìƒ ë©”ì‹ ì €,Glideâ€‰,  ë°”ë¡œ ë³´ê±°ë‚˜ ë‚˜ì¤‘ì— ë³¼ ìˆ˜ ìˆëŠ” ë™ì˜ìƒ ë©”ì‹œì§€ë¥¼ ë³´ë‚´ê±°ë‚˜ ë°›ìœ¼ì„¸ìš”!    ,5ê°œ
https://play.google.com/store/apps/details?id=com.imo.android.imoim,imo - free group video calls,imo.im,"  ë¬´ë£Œ ë©”ì‹œì§€, ìŒì„± í†µí™” ë° ì˜ìƒ í†µí™” ì•±!    ",5ê°œ
https://play.google.com/store/apps/details?id=com.mmosoft.applocker,ì• í”Œë¦¬ì¼€ì´ì…˜ ì ê¸ˆ,mmosoft,  ê·¸ë¦¼ ì´ëª¨í‹°ì½˜ìœ¼ë¡œ ì‘ìš© í”„ë¡œê·¸ë¨ ì ê¸ˆí‚¤íŒ¨ë“œì™€ íŒ¨í„´ìœ¼ë¡œ ì‘ìš© í”„ë¡œê·¸ë¨ ì ê·¸ê¸°    ,5ê°œ
https://play.google.com/store/apps/details?id=hfast.facebook.lite,Swift for Facebook Lite,Regular Nice Guy,  ì™„ì „í•œ ê¸°ëŠ¥ì„ í˜ì´ìŠ¤ ë¶ ê²½ëŸ‰ í´ë¼ì´ì–¸íŠ¸    ,5ê°œ
https://play.google.com/store/apps/details?id=com.watsup.hdwallpaper,Wallpapers for WhatsApp - Chat Background,Kawaii Apps,  WhatsAppì— ëŒ€í•œ ë°°ê²½ í™”ë©´ - WhatsAppì— ë©”ì‹ ì € ì±„íŒ… ë°°ê²½    ,5ê°œ
https://play.google.com/store/apps/details?id=com.nhn.android.search,ë„¤ì´ë²„ - NAVER,NAVER Corp.,  ëª¨ë°”ì¼ì— ìµœì í™”ëœ ë‹¤ì–‘í•˜ê³  í’ë¶€í•œ ì •ë³´!ë§¤ì¼ ìƒˆë¡œì›Œì§€ëŠ” ë„¤ì´ë²„ì•±ì„ ë§Œë‚˜ë³´ì„¸ìš”.    ,5ê°œ
https://play.google.com/store/apps/details?id=com.bizmeka.ezmessenger,ì´ì§€ ë©”ì‹ ì €-ì—…ë¬´ìš© ëª¨ë°”ì¼ ë©”ì‹ ì €,KT Corporation,"  ktê°€ ì œê³µí•˜ëŠ” ì—…ë¬´ìš© ì»¤ë®¤ë‹ˆì¼€ì´ì…˜ ì–´í”Œì…ë‹ˆë‹¤.íšŒì‚¬ ì¡°ì§ë„ ê¸°ë°˜ì˜ ì‹¤ì‹œê°„ ëŒ€í™” ë“±, ê¸°ì—…ì˜ íš¨ìœ¨ì ì¸ ì»¤ë®¤ë‹ˆì¼€ì´ì…˜ê³¼ ë¹ ë¥¸ ì˜ì‚¬ê²°ì •ì„ ì§€ì›í•©ë‹ˆë‹¤.    ",5ê°œ
https://play.google.com/store/apps/details?id=com.shareitagain.animatedlovesmileyspackage,ğŸ’  Love emoticons & stickers - animated - Package,Share It Again - Smileys & Emoji Apps,"  190 ì‚¬ë‘ ì• ë‹ˆë©”ì´ì…˜ ì´ëª¨í‹°ì½˜, ë‚˜ëŠ” WhatsAppì— ë˜ëŠ” ë‹¤ë¥¸ ì±„íŒ… ì•± ë‹¹ì‹ ì—ê²Œ GIF ì‚¬ë‘    ",5ê°œ
https://play.google.com/store/apps/details?id=com.KitMew.BTSMessenger2,BTS Messenger 2,KitMew,  ëª¨ë“  âœ§ Â· â—‡ NEW âœ§ Â· BTS ë°ì´íŠ¸ ì±„íŒ… ëŒ€í™” í˜• ìŠ¤í† ë¦¬ ë¼ì¸ ê²Œì„! ~ â˜† * â˜†    ,5ê°œ
https://play.google.com/store/apps/details?id=team.gramoxone.onthehook,ì˜¨ë”í›… FREE (ì–´ì¥ ê´€ë¦¬ ì‹œë®¬ë ˆì´ì…˜),team gramoxone,  SNSí˜• ì—¬ì„±í–¥ ë¯¸ì—°ì‹œ    ,5ê°œ
https://play.google.com/store/apps/details?id=com.shareitagain.bigemoji,ğŸ˜œ Big Emoji - large emoji for all chat messengers,Share It Again - Smileys & Emoji Apps,"  ì•ˆë“œë¡œì´ë“œì— ëŒ€í•œ ëª¨ë“  ìœ ë‹ˆ ì½”ë“œ ì´ëª¨í‹°ì½˜ì€ í˜ì´ìŠ¤ ë¶ì— ëŒ€í•œ í° ì´ëª¨í‹°ì½˜, WHATSAPPëŠ” ì´ëª¨í‹°ì½˜ ...    ",5ê°œ
https://play.google.com/store/apps/details?id=com.shareitagain.mymoodsmiley,"ğŸ˜ WhatSmiley : Smileys, GIF, emoticons & stickers",Share It Again - Smileys & Emoji Apps,"  ğŸ‘ ìŠ¤ë§ˆì¼ ë° ì•ˆë“œë¡œì´ë“œ ì´ëª¨í‹°ì½˜, Facebookì˜ ì´ëª¨í‹°ì½˜, WhatsAppì˜ ìŠ¤í‹°ì»¤ ...    ",5ê°œ
https://play.google.com/store/apps/details?id=com.tda.unseen,Unseen - No Last Seen,Unseen Messages,"  ì•„ë‹ˆ ë§ˆì§€ë§‰ìœ¼ë¡œ ë³¸, ë” ë¸”ë£¨ ë”ë¸” í‹±í•˜ì§€ì—†ì´ ë§ˆì§€ë§‰ìœ¼ë¡œ ì½ì€ ğŸ˜‰    ",5ê°œ
https://play.google.com/store/apps/details?id=com.happening.studios.swipeforfacebookfree,Swipe for Facebook,Happening Studios,"  ì‚¬ìš©ì ì •ì˜, ê°€ë³ê³ , ì „ë ¥ íš¨ìœ¨. í˜ì´ìŠ¤ ë¶ ë° ë©”ì‹ ì € í•˜ë‚˜ì˜ ì•±ì—ì„œ ëª¨ë“ .    ",5ê°œ
https://play.google.com/store/apps/details?id=com.jb.gosms.pctheme.lovelypinksmstheme,ë¶„í™ìƒ‰ SMS í…Œë§ˆ,Free 2019 Themes & Livewallpapers,  ìƒˆë¡œìš´ SMS í…Œë§ˆ ì¸ ë¶„í™ìƒ‰ SMS í…Œë§ˆë¥¼ ì‚¬ìš©í•´ë³´ì‹­ì‹œì˜¤!    ,5ê°œ
https://play.google.com/store/apps/details?id=com.whatsapplock,Chat Messenger ì ê¸ˆ : ê°œì¸ ì •ë³´ë¥¼ ìœ ì§€,Bunny Labs,  ì±„íŒ… ë° ë©”ì‹œì§€ë¥¼ ì•ˆì „í•˜ê²Œ ìœ ì§€í•˜ì„¸ìš”! ì¹¨ì…ì ì‚¬ì§„ì„ ìº¡ì³í•˜ì„¸ìš”!    ,5ê°œ
https://play.google.com/store/apps/details?id=com.dawath.applockfinger,ì§€ë¬¸ ì‘ìš© í”„ë¡œê·¸ë¨ ì ê¸ˆ,truth apps,"  â­ï¸ íŒ¨í„´, í•€, ì§€ë¬¸ ì ê¸ˆ â­ï¸ê²½ê³  ì•ŒëŒ, ì¹¨ì…ì ì…€í”„    ",5ê°œ
https://play.google.com/store/apps/details?id=com.buffstudio.mysticguardian.paid,ë¯¸ìŠ¤í‹± ê°€ë””ì–¸ VIP - ì—”ë”©ì´ ìˆëŠ” ë ˆíŠ¸ë¡œ ì•¡ì…˜ RPG,"Buff Studio Co.,Ltd.",  â–  ì—”ë”©ì´ ìˆëŠ” í´ë˜ì‹ ë¡¤í”Œë ˆì‰ (ê¿€ì¼ ë³´ì¥)â–  ì¸ë”” ê°ì„±ì˜ ë„íŠ¸ ê·¸ë˜í”½â–  ë…¸ ë°©ì¹˜! ì•¡ì…˜ ë¬´í•œ ì»¨íŠ¸ë¡¤    ,5ê°œ
https://play.google.com/store/apps/details?id=app.whats.textstyle.com.textstyler,"Chat Styles: Cool Text, Stylish Font for WHatsapp",Free Music - Unlimited,  íŠ¹ìˆ˜ ë¬¸ì ì±„íŒ…. ë©‹ì§„ í…ìŠ¤íŠ¸ ê¸€ê¼´ ë° ì¬ë¯¸ìˆëŠ” í…ìŠ¤íŠ¸ ì„¸ë ¨ëœ ê¸€ê¼´ ë¬¸ì ë©”ì‹œì§€!    ,5ê°œ
https://play.google.com/store/apps/details?id=com.baek.Gatalk2,ê°€ì§œí†¡2 - ë¡œë´‡ ë©”ì‹ ì € (ì§„í™”ì˜ ì‹œì‘),baek,  ë‚´ê°€ ì§ì ‘ ë§Œë“  ì±—ë´‡ê³¼ ì±„íŒ…ì„ ì¦ê¸¸ ìˆ˜ ìˆëŠ” ì¸ê³µì§€ëŠ¥ ì±—ë´‡ ë©”ì‹ ì €ì…ë‹ˆë‹¤.    ,5ê°œ
https://play.google.com/store/apps/details?id=com.appslounge.emojistickers3,ëª¨ë“  ë©”ì‹ ì €ë¥¼ìœ„í•œ ëƒ‰ì†Œí•˜ê³  ì¬ë¯¸ìˆëŠ” HD ì´ëª¨í‹°ì½˜,Apps Lounge,  ë¹„ê¼¬ëŠ” ìŠ¤í‹°ì»¤ì™€ ì¬ë¯¸ìˆëŠ” ì´ëª¨í‹°ì½˜ì˜ ê°€ì¥ í° ì»¬ë ‰ì…˜ (5000+ ê·¸ë¦¼ ì´ëª¨í‹°ì½˜).    ,5ê°œ
https://play.google.com/store/apps/details?id=com.messenger.socialmedia.allinone.lite,"Messengers in one , All IM & SMS in one",Coreader Group,"  ë” ë‚˜ì€ ì˜ì‚¬ ì†Œí†µì„ìœ„í•œ ë¬´ë£Œ, í¸ë¦¬í•˜ê³  ìŠ¤ë§ˆíŠ¸ í•œ ì•±.    ",5ê°œ
https://play.google.com/store/apps/details?id=com.estmob.android.sendanywhere,Send Anywhere (íŒŒì¼ì „ì†¡),Estmob Inc.,"  ìš©ëŸ‰, ê¸°ê¸° ìƒê´€ì—†ëŠ” íŒŒì¼ì „ì†¡ì˜ ì‹ ì„¸ê³„    ",5ê°œ
https://play.google.com/store/apps/details?id=com.sntown.messengerpal,"í†¡ì¹œêµ¬ë§Œë“¤ê¸° - ì±„íŒ…,ì¹œêµ¬ì°¾ê¸°,ì†Œê°œíŒ…,ì±„íŒ… ì–´í”Œ",SnTown,  ì¹œêµ¬ë“¤ì„ ë§Œë“¤ìˆ˜ ìˆëŠ” ë¬´ë£Œ ì±„íŒ… ì–´í”Œì…ë‹ˆë‹¤.    ,5ê°œ
https://play.google.com/store/apps/details?id=com.lambda.app_sharer,Share Apps,Catania Solutions,  Share Appsë¡œ ê¸°ê¸°ì— ì„¤ì¹˜ëœ ì•±ì„ ë‹¤ë¥¸ ê¸°ê¸°ì™€ ê³µìœ í•  ìˆ˜ ìˆìŠµë‹ˆë‹¤.    ,5ê°œ
https://play.google.com/store/apps/details?id=com.wm.mbtistickers,Sticker Profiling,Culture Paradise,  ìŠ¤í‹°ì»¤ì™€ ì´ëª¨í‹°ì½˜ì€ ë‹¹ì‹ ì˜ ì„±ê²©ì— ë”°ë¼. ë©”ì‹ ì € & WhatsAppì— ëŒ€í•œ ì¤‘ëŒ€í•œ!    ,5ê°œ
https://play.google.com/store/apps/details?id=com.wastickerapps.meme.stickers.funny,ğŸ˜‚Meme Stickers for WAStickerApps,WeCode Team,  Memetick : WAStickerApps - Funny Memes ì±„íŒ… ìš© ìŠ¤í‹°ì»¤ëŠ” ë¬´ë£Œë¡œ ì œê³µë©ë‹ˆë‹¤.    ,5ê°œ
https://play.google.com/store/apps/details?id=kr.jiransoft.psmessenger,PSë©”ì‹ ì €(PSMessenger),Jiransoft_OfficeWare,"  ë‹¹ì‹ ì˜ ì—…ë¬´, ê°€ì¥ í¸ë¦¬í•˜ê³  ì•ˆì „í•˜ê²Œ â€“ PSë©”ì‹ ì €    ",5ê°œ
https://play.google.com/store/apps/details?id=messengerlite.facebooklite.facebook,Messenger for Facebook,Share88 Studio,"  í•˜ë‚˜ì˜ ì‘ìš© í”„ë¡œê·¸ë¨ì—ì„œ í˜ì´ìŠ¤ ë¶ê³¼ ë©”ì‹ ì € ë‘˜. ì‘ì€, ê°„ë‹¨í•˜ê³  ë¹ ë¥¸    ",5ê°œ
https://play.google.com/store/apps/details?id=com.chat.go.messenegr.plus,Go Messenger,Go Messenger Team,  ëª¨ë“  ë©”ì‹ ì €ê°€ ì†Œì…œ ì•±ì„ í•˜ë‚˜ì”© ì±„íŒ…í•˜ì—¬ ì‰½ê²Œ ë„ë‹¬ í•  ìˆ˜ ìˆìŠµë‹ˆë‹¤.    ,5ê°œ
https://play.google.com/store/apps/details?id=com.vipole.client,VIPole Private Messenger,VIPole LTD,"  ë©”ì‹œì§•, ì±„íŒ…, í†µí™”, ë¹„ë””ì˜¤, íšŒì˜ ë° íŒŒì¼ ê³µìœ  ë¬´ë£Œ ë° ë³´ì•ˆ.    ",5ê°œ
https://play.google.com/store/apps/details?id=com.cerminara.yazzy,Yazzy (Fake Conversations),Vincenzo Cerminara,  ì¹œêµ¬ì˜ ì¦ê±°ì›€ì„ ì¦ê¸¸ ìˆ˜ ìˆìŠµë‹ˆë‹¤. YazzyëŠ” ë†ë‹´ì„ í•  ìˆ˜ìˆëŠ” ì´ìƒì ì¸ ì‘ìš© í”„ë¡œê·¸ë¨ì…ë‹ˆë‹¤!    ,5ê°œ
https://play.google.com/store/apps/details?id=com.google.android.apps.tachyon,Google Duo - ê³ í™”ì§ˆ í™”ìƒ í†µí™”,Google LLC,  Google Duoë¥¼ ì‚¬ìš©í•´ ë³´ì„¸ìš” â€” ëˆ„êµ¬ë‚˜ ì‰½ê²Œ ì‚¬ìš©í•  ìˆ˜ ìˆëŠ” ì¼ëŒ€ì¼ í™”ìƒ í†µí™” ì•±ì…ë‹ˆë‹¤.    ,5ê°œ
https://play.google.com/store/apps/details?id=com.facebook.creatorapp,Facebook Creator,Facebook,  ëª¨ë“  ë„êµ¬ ë‹¹ì‹ ì€ ì»¤ë®¤ë‹ˆí‹°ë¥¼ êµ¬ì¶•í•˜ê³  ì°½ì¡°ìë¡œ ì„±ì¥í•´ì•¼í•©ë‹ˆë‹¤.    ,5ê°œ
https://play.google.com/store/apps/details?id=ali.alhadidi.gif_facebook,GIFs,Al-Hadidi Apps,"  í˜ì´ìŠ¤ ë¶ ë©”ì‹ ì € ë° ì†Œì…œ ë¯¸ë””ì–´ì— ê°€ì¥ ì¢‹ì€ GIFë¥¼, íƒêµ¬ ë‹¤ìš´ë¡œë“œ ë° ê³µìœ     ",5ê°œ
https://play.google.com/store/apps/details?id=com.technologyservices.cme,C'Me - Voice & Video Calls,TECHNOLOGY SERVICES LLC,  CME - ë¬´ë£Œ ì˜ìƒ ë° ìŒì„± ëª¨ë‘ë¥¼ìœ„í•œ ì‘ìš© í”„ë¡œê·¸ë¨ì„ í˜¸ì¶œ    ,5ê°œ
https://play.google.com/store/apps/details?id=com.jb.gosms.pctheme.free2017goldsmstheme,í™©ê¸ˆ SMS í…Œë§ˆ,Free 2019 Themes & Livewallpapers,  ìƒˆë¡œìš´ SMS í…Œë§ˆ ì¸ í™©ê¸ˆ SMS í…Œë§ˆë¥¼ ì‚¬ìš©í•´ë³´ì‹­ì‹œì˜¤!    ,5ê°œ
https://play.google.com/store/apps/details?id=com.nam.fbwrapper,Metal for Facebook & Twitter,Nam Nghiem,  í•˜ë‚˜ì˜ ê´‘ ì‘ìš© í”„ë¡œê·¸ë¨ì—ì„œ í˜ì´ìŠ¤ ë¶ê³¼ íŠ¸ìœ„í„° : ê¸ˆì†ìœ¼ë¡œ ì „í™˜    ,5ê°œ
https://play.google.com/store/apps/details?id=com.jb.gosms.pctheme.newmessengerversion2017,New Messenger Version 2019,Launcher 2019 - Themes & Apps,  ìƒˆë¡œìš´ SMS í…Œë§ˆ ì¸ ìƒˆë¡œìš´ ë©”ì‹ ì € ë²„ì „ 2019ë¥¼ ì‚¬ìš©í•´ë³´ì‹­ì‹œì˜¤!    ,5ê°œ
https://play.google.com/store/apps/details?id=com.mimisoftware.emojicreatoremoticonosemoticones,"Emoji Maker - ê·¸ë¦¼ ì´ëª¨í‹°ì½˜ , ìŠ¤ë§ˆì¼ & ìŠ¤í‹°ì»¤ ë§Œë“¤ê¸°",MimiSoft Studio - Emoji - Stickers - Ringtones Dev,"  WhatsAppì˜ ê·¸ë¦¼ ì´ëª¨í‹°ì½˜, Messengerì˜ ì´ëª¨í‹°ì½˜, ì±„íŒ…ì„ìœ„í•œ ìŠ¤ë§ˆì¼ & ìŠ¤í‹°ì»¤.    ",5ê°œ
https://play.google.com/store/apps/details?id=com.socialall.networksplatformapp,ì†Œì…œ ë„¤íŠ¸ì›Œí¬ ë©”ì‹ ì € - ëª¨ë“  -ì— - í•˜ë‚˜ì˜ í”„ë¡œí•„,Smart Mobile Apps Inc.,"  ìƒˆë¡œìš´ ì¹œêµ¬ë¥¼ ì°¾ê³ , ë„¤íŠ¸ì›Œí‚¹ì„ ì‹œì‘ í›Œë¥­í•œ ì†Œì…œ ë¯¸ë””ì–´ì™€ ì‚¬ë‘ì„ ì°¾ì„    ",5ê°œ
https://play.google.com/store/apps/details?id=com.iloen.melon,ë©œë¡ ,Kakao  Corporation,"  êµ­ë‚´ ìµœë‹¤ 4,000ë§Œ ê³¡ ë³´ìœ , No.1 ë®¤ì§í”Œë«í¼ ë©œë¡ !ì‹¤ì‹œê°„ ì°¨íŠ¸ë¶€í„° ë‚˜ë¥¼ ì•„ëŠ” ë˜‘ë˜‘í•œ ìŒì•… ì¶”ì²œê¹Œì§€!    ",5ê°œ
https://play.google.com/store/apps/details?id=com.koo.lightmanager,ë¼ì´íŠ¸ ë§¤ë‹ˆì € - LED ì„¤ì •,MC Koo,  LED ìƒíƒœ í‘œì‹œë“±ì˜ ìƒ‰ê³¼ ê¹œë°•ê±°ë¦¼ì„ ì„¤ì • í•©ë‹ˆë‹¤    ,5ê°œ
https://play.google.com/store/apps/details?id=by.wimix.uaround.messenger,"UAround ê°œì¸ ë©”ì‹ ì € - í…ìŠ¤íŠ¸, ì±„íŒ…, í†µí™” ë³´ì•ˆ",Uaround Ltd,  ì‹¤ì œ 15300 ë¹„íŠ¸ ì•”í˜¸í™”ë¥¼ ì‚¬ìš©í•˜ëŠ” ë©”ì‹ ì € ìµœê³  ë¹„ë°€!    ,5ê°œ
https://play.google.com/store/apps/details?id=com.holiestep.msgpeepingtom,ë©”ì‹œì§€ í”¼í•‘ íƒ,HSTAR,  ë‹¹ì‹ ì´ ë©”ì‹œì§€ë¥¼ ì½ì€ ì‚¬ì‹¤ì„ ìƒëŒ€ë°©ì´ ì•Œì§€ ëª»í•˜ê²Œ ë„ì™€ë“œë¦¬ê² ìŠµë‹ˆë‹¤.    ,5ê°œ
https://play.google.com/store/apps/details?id=kik.android,Kik,Kik Interactive,"  Connect with all your friends, no matter how you meet them.    ",5ê°œ
https://play.google.com/store/apps/details?id=com.playstation.mobilemessenger,PlayStation Messages - ì˜¨ë¼ì¸ í•œ ì¹œêµ¬ë¥¼ í™•ì¸í•˜ì„¸ìš”,PlayStation Mobile Inc.,  ì–¸ì œ ì–´ë””ì„œë‚˜ ì¹œêµ¬ì™€ ì—°ê²°í•˜ì„¸ìš”    ,5ê°œ
https://play.google.com/store/apps/details?id=com.facemoji.lite,"ì´ëª¨ì§€Â í‚¤ë³´ë“œÂ Facemoji -Â ê·€ì—¬ìš´Â ì´ëª¨ì§€,Â í‚¤ë³´ë“œÂ í…Œë§ˆ,GIF,ì´ëª¨í‹°ì½˜",Facemoji Emoji Keyboard & Keyboard Theme,"  ìµœê³ ì˜ í‚¤ë³´ë“œ, ë©‹ì§„ í…Œë§ˆ, ì¬ë¯¸ìˆëŠ” GIF ë° 3500+ ê°€ì§€ê°€ ë„˜ëŠ” ìƒˆë¡œìš´ ì´ëª¨í‹°ì½˜!ğŸ’    ",5ê°œ
https://play.google.com/store/apps/details?id=kr.jiransoft.coolmsgrservice,ì¿¨ë©”ì‹ ì € FREE,JiranComms,"  ë‹¤ì–‘í•œ ê¸°ëŠ¥ì„ ì œê³µí•˜ëŠ” í•™ì‚¬ì—…ë¬´ìš© í†µí•©ì†”ë£¨ì…˜, ì¿¨ë©”ì‹ ì € ì  íˆ¬    ",5ê°œ
https://play.google.com/store/apps/details?id=com.magnificus.hoop,Hoop Messenger,Magnificus Software,  Hoop Messengerë¥¼ ì‚¬ìš©í•˜ì—¬ ë¬´ë£Œë¡œ ëŒ€í™”í•´ ë³´ì„¸ìš”. ë‹¨ìˆœí•˜ë©´ì„œë„ ì¬ë¯¸ìˆìŠµë‹ˆë‹¤!    ,5ê°œ
https://play.google.com/store/apps/details?id=com.peter.animatedsticker,ì• ë‹ˆë©”ì´ì…˜ ìŠ¤í‹°ì»¤ for messenger,peter_jm,"  ì´ ì‘ìš© í”„ë¡œê·¸ë¨ì€ ì´ëª¨í‹°ì½˜, ìŠ¤ë§ˆì¼ ìŠ¤í‹°ì»¤ë¥¼ìœ„í•œ ë¬´ë£Œ ì• ë‹ˆë©”ì´ì…˜ ë¼ì´ë¸ŒëŸ¬ë¦¬ì…ë‹ˆë‹¤.    ",5ê°œ
https://play.google.com/store/apps/details?id=com.bringsgame.giflove,Gif Love Sticker,bringsgame,  ì´ ì‘ìš© í”„ë¡œê·¸ë¨ì—ì„œ GIF ì‚¬ë‘ ìŠ¤í‹°ì»¤ë¥¼ ì‚¬ìš©í•˜ë©´ ì±„íŒ…ì´ í›¨ì”¬ ë” ì¬ë¯¸ìˆê²Œ ë§Œë“¤ ê²ƒ    ,5ê°œ
https://play.google.com/store/apps/details?id=com.estsoft.alyac,"ì•Œì•½M - êµ­ë‚´ 1ìœ„ ë¬´ë£Œ ë°”ì´ëŸ¬ìŠ¤ ë°±ì‹ , íŒŒì¼ ì²­ì†Œ, ê¸°ê¸° ìµœì í™”",ESTsoft Corp.,  êµ­ë‚´ 1ìœ„ ëª¨ë°”ì¼ ë³´ì•ˆì•±!í•˜ë‚˜ì˜ ì•±ìœ¼ë¡œ ìŠ¤ë§ˆíŠ¸í°ì„ ë”ìš± í¸ë¦¬í•˜ê³  ì•ˆì „í•˜ê²Œ ì§€í‚¤ì„¸ìš”!    ,5ê°œ
https://play.google.com/store/apps/details?id=fr.slvn.mms,SMS Messaging (AOSP),Sylvain Galand,  ì•ˆë“œë¡œì´ë“œ ì˜¤í”ˆ ì†ŒìŠ¤ SMS ì‘ìš© í”„ë¡œê·¸ë¨ì´ ëŒì•„ì™”ë‹¤!    ,5ê°œ
https://play.google.com/store/apps/details?id=com.ahnlab.v3mobilesecurity.soda,V3 Mobile Security - ë¬´ë£Œ ë°±ì‹ /ë¶€ìŠ¤í„°/ì•±ì ê¸ˆ,AhnLab Inc.,  ê¸€ë¡œë²Œ No.1 ë°±ì‹ ! - ë¶€ìŠ¤í„° /í´ë¦¬ë„ˆ /ì•±ì ê¸ˆ /ê°¤ëŸ¬ë¦¬ ìˆ¨ê¹€ /ë³´ì•ˆìŠ¤í¬ë¦° /ë¸”ë£¨ë¼ì´íŠ¸ ì°¨ë‹¨ /í¸ë¦¬í•œ ì›í„°ì¹˜ ë³´ì•ˆ / ë°°í„°ë¦¬ ìµœì € ì‚¬ìš©    ,5ê°œ
https://play.google.com/store/apps/details?id=com.nhn.android.webtoon,ë„¤ì´ë²„ ì›¹íˆ° - Naver Webtoon,NAVER WEBTOON CORP.,  ë§¤ì¼ ë§¤ì¼ ìƒˆë¡œìš´ ë„¤ì´ë²„ ì›¹íˆ°    ,5ê°œ
https://play.google.com/store/apps/details?id=com.riotgames.mobile.leagueconnect,LoL í”„ë Œì¦ˆ,"Riot Games, Inc","  ë¦¬ê·¸ ì˜¤ë¸Œ ë ˆì „ë“œ, ì–¸ì œë‚˜ ì¹œêµ¬ì™€ í•¨ê»˜!    ",5ê°œ
https://play.google.com/store/apps/details?id=com.cubamessenger.cubamessengerapp,CubaMessenger,CubaMessenger,"  ì¸í„°ë„·ì— ì¿ ë°” ì±„íŒ…í•˜ì§€ : ë³´ë‚´ê¸° ë° í…ìŠ¤íŠ¸, ì‚¬ì§„, ìŒì„± ë° ë¹„ë””ì˜¤ë¥¼ë°›ì„    ",5ê°œ
https://play.google.com/store/apps/details?id=com.crazygame.emojiplugin.twemoji,Color Emoji Plugin,Barley WorkShop,"  í‚¤ë³´ë“œ ì»¬ëŸ¬ ì´ëª¨í‹°ì½˜ í”ŒëŸ¬ê·¸ì¸, ë‹¹ì‹ ì€ ì•„ë¦„ë‹¤ìš´ ìƒ‰ìƒ ì´â€‹â€‹ëª¨í‹°ì½˜ì„ ë³¼ ìˆ˜ ìˆìŠµë‹ˆë‹¤.    ",5ê°œ
https://play.google.com/store/apps/details?id=com.radicalapps.cyberdust,Dust ë©”ì‹ ì €,Radical App LLC,  DUST ìƒëŒ€ë°© ì „í™”ê¸°ì—ì„œ ë‹¹ì‹ ì˜ ë©”ì‹œì§€ë¥¼ ì§€ìš¸ ìˆ˜ ìˆëŠ” ìœ ì¼í•œ ë©”ì‹ ì €ì…ë‹ˆë‹¤. ê¸°ë¡ì´ ë‚¨ì§€ ì•ŠìŠµë‹ˆë‹¤. ê±±ì •í•˜ì§€ ë§ˆì„¸ìš”.    ,5ê°œ
https://play.google.com/store/apps/details?id=com.wastickerapps.flower.stickers.chat,New WAStickerApps ğŸŒ¹ Flower Stickers For WhatsApp,WeCode Team,"  ë‹¤ìš´ë¡œë“œ Rosefy : ìƒˆë¡œìš´ WAStickerAppsê³¼ ê·€ì—¬ìš´, ë©‹ì§„, ì‚¬ë‘, ê½ƒ ìŠ¤í‹°ì»¤ë¥¼ ì¦ê¸¸ ìˆ˜ ìˆìŠµë‹ˆë‹¤.    ",5ê°œ
https://play.google.com/store/apps/details?id=com.chatgum.chat.rooms,Chat Rooms - Find Friends,ChatGum,  ì±„íŒ… ë° ChatGum ì±„íŒ… ë°©ì— ì§€ê¸ˆ ìƒˆë¡œìš´ ì¹œêµ¬ë¥¼ ì°¾ì•„ë¼!    ,5ê°œ
https://play.google.com/store/apps/details?id=yw.wemet.ngageapp,n-gage messenger,Wellness Group,"  ì•ˆì „ ê·¸ëŒ€ë¡œ ê°œì¸, ê·¸ë¦¬ê³  N ê²Œì´ì§€ ë©”ì‹ ì €ë¡œ ì¥ì•…    ",5ê°œ
https://play.google.com/store/apps/details?id=com.bbm,BBM - ë¬´ë£Œ í†µí™” ë° ë©”ì‹œì§€,BBM .,"  ìµœì‹  ì—…ë°ì´íŠ¸: ìƒˆ ìŠ¤í‹°ì»¤, ìŒì„± í†µí™”, ë°”ìš°ì²˜, ê²Œì„, ë‰´ìŠ¤, ë™ì˜ìƒ ë“±    ",5ê°œ
https://play.google.com/store/apps/details?id=com.lamonleedev.facetimevideoapp,ë¬´ë£Œ í™”ìƒ í†µí™” ë° ë©”ì‹ ì €,lamon,  ë¬´ë£Œë¡œ ìµœê³ ì˜ ë¬´ë£Œ í™”ìƒ í†µí™” ë° ë©”ì‹ ì €ì— ì˜¤ì‹  ê²ƒì„ í™˜ì˜í•©ë‹ˆë‹¤.    ,5ê°œ
https://play.google.com/store/apps/details?id=com.alpha.applock.plugin.plane,Applock - Plane,SailingLab,"  AppLock : ì ê¸ˆ ì•±ì´ ê°œì¸ íŒŒì¼ì„ ë³´í˜¸ ì‚¬ì§„ ë° ë¹„ë””ì˜¤, ë” ì´ìƒ ëˆ„í¼ë¥¼ ìˆ¨ê¸°    ",5ê°œ
https://play.google.com/store/apps/details?id=com.Amazing.Taxi.Game,Amazing Taxi Simulator V2 2019,StrongUnion Games,  íƒì‹œ ìš´ì „ì€ì´ ìƒˆë¡œìš´ ê²Œì„ìœ¼ë¡œ ë”ìš± í¥ë¯¸ ì§„ì§„í•©ë‹ˆë‹¤.    ,5ê°œ
https://play.google.com/store/apps/details?id=com.giphy.messenger,GIPHY - Animated GIFs Search Engine,"Giphy, Inc.","  GIPHY íœ´ëŒ€ ì „í™”ì— ì§€ê¸ˆ, ì• ë‹ˆë©”ì´ì…˜ GIFì˜ ì„¸ê³„ì—ì„œ ê°€ì¥ ë°©ëŒ€í•œ ë„ì„œê´€ì…ë‹ˆë‹¤!    ",5ê°œ
